{
  "branch_metadata": {
    "causal_wave_branch": "matter",
    "branch_rationale": "Cosmological-constant / Einstein-source Lambda diagnostic; matter-projection-side observable",
    "schema": "worldformula/branch_metadata/v1"
  },
  "step": "GCC-01",
  "tag": "cc_dressing",
  "hierarchy_ratio_p1": 2.0076173314767797e-17,
  "suppression_factor_p1": 1.6245150716243974e-67,
  "log10_suppression_p1": -66.79,
  "rho_naive_GeV4_p1": 2.2218788499821762e+76,
  "log10_rho_observed": -46.6,
  "E_vac_over_gap_p1": 0.100167,
  "gamow_sequestering_p1": 5.615708931514887e-09,
  "log10_gamow_sequestering_p1": -8.25,
  "spectral_screening_exp_p1": 2.1699,
  "spectral_screening_p1": 0.0035164295710928602,
  "log10_spectral_screening_p1": -2.45,
  "E_geom_p1": 7.486503175058282e-05,
  "E_res_p1": 5657.075168483356,
  "grav_fraction_p1": 1.3233876079227332e-08,
  "log10_grav_fraction_p1": -7.88,
  "L_occ_single_p1": 0.00011870451397749634,
  "N_sectors_p1": 8,
  "occ_suppression_p1": 3.942192918859137e-32,
  "log10_occ_suppression_p1": -31.4,
  "rho_dressed_GeV4_p1": 3.724765863927925e-42,
  "log10_rho_dressed_p1": -41.43,
  "dressed_over_observed_p1": 149549.35093219968,
  "log10_residual_discrepancy_p1": 5.17,
  "orders_explained_p1": 117.8,
  "hierarchy_ratio_p2prime": 1.1045867802440822e-16,
  "suppression_factor_p2prime": 1.4886731829535137e-64,
  "log10_suppression_p2prime": -63.83,
  "rho_naive_GeV4_p2prime": 2.2218788499821762e+76,
  "E_vac_over_gap_p2prime": 0.100167,
  "gamow_sequestering_p2prime": 1.3172322354822569e-08,
  "log10_gamow_sequestering_p2prime": -7.88,
  "spectral_screening_exp_p2prime": 2.1699,
  "spectral_screening_p2prime": 0.019958281351381578,
  "log10_spectral_screening_p2prime": -1.7,
  "E_geom_p2prime": 9.760997173922803e-05,
  "E_res_p2prime": 40297.139456429875,
  "grav_fraction_p2prime": 2.4222556006677847e-09,
  "log10_grav_fraction_p2prime": -8.62,
  "L_occ_single_p2prime": 0.0003104243463419698,
  "N_sectors_p2prime": 8,
  "occ_suppression_p2prime": 8.62275809417172e-29,
  "log10_occ_suppression_p2prime": -28.06,
  "rho_dressed_GeV4_p2prime": 1.8192608490058064e-35,
  "log10_rho_dressed_p2prime": -34.74,
  "dressed_over_observed_p2prime": 730433238180.1636,
  "log10_residual_discrepancy_p2prime": 11.86,
  "orders_explained_p2prime": 111.1,
  "cc_mechanism": "Six-layer dressing: (1) EW hierarchy (v/M_Pl)\u2074 \u2248 10\u207b\u2076\u2077, (2) lattice vacuum regularisation |E_vac|/\u0394 \u2248 0.1, (3) Gamow vacuum sequestering exp(\u2212S_gamow) \u2248 10\u207b\u2078, (4) spectral-dimension IR screening \u0394^(d_spec\u22121) \u2248 10\u207b\u00b2, (5) gravitational fraction E_geom/E_res \u2248 10\u207b\u2078, (6) H194 structured occupancy filtering L_occ^N_sectors \u2248 10\u207b\u00b3\u2075. Together: ~118 of 122 orders.",
  "cc_solved": false,
  "cc_orders_explained": 118
}
