{
  "method": "exact_Hilbert_variation_no_proxy",
  "branch_metadata": {
    "causal_wave_branch": "matter",
    "regimes_used": [
      "P0",
      "P1",
      "P2prime",
      "P3",
      "P4",
      "P5",
      "P6",
      "P7",
      "P8"
    ],
    "branch_rationale": "Cosmological-constant / Einstein-source Lambda diagnostic; matter-projection-side observable",
    "schema": "worldformula/branch_metadata/v1"
  },
  "regimes": {
    "P0": {
      "N": 18,
      "n_seeds": 24,
      "var_xi": NaN,
      "var_psi": 0.00027821082279695983,
      "frak_f": 0.08813009249676458,
      "K_loc_mean": 1.3159294058208832,
      "Q_loc_mean": 0.30741343042397984,
      "K_rec_mean": 1.6622226906088933,
      "T_00": NaN,
      "R_bar": 0.1650035751410924,
      "Lambda": NaN
    },
    "P1": {
      "N": 28,
      "n_seeds": 32,
      "var_xi": 0.06651853179945909,
      "var_psi": 0.00019962263668539347,
      "frak_f": 0.06651853179945909,
      "K_loc_mean": 1.3213175979428935,
      "Q_loc_mean": 0.30351057883976296,
      "K_rec_mean": 1.669562308523012,
      "T_00": 0.9848470960836598,
      "R_bar": 0.14780416873075558,
      "Lambda": 0.910945011718282
    },
    "P2prime": {
      "N": 30,
      "n_seeds": 28,
      "var_xi": 0.057241225055224984,
      "var_psi": 0.00015667750633593453,
      "frak_f": 0.057241225055224984,
      "K_loc_mean": 1.3234796170732228,
      "Q_loc_mean": 0.3125422312063553,
      "K_rec_mean": 1.6672085014700448,
      "T_00": 0.9627103621219506,
      "R_bar": 0.15817978492048598,
      "Lambda": 0.8836204696617076
    },
    "P3": {
      "N": 36,
      "n_seeds": 28,
      "var_xi": 0.048308605305065,
      "var_psi": 0.0001380821205262567,
      "frak_f": 0.048308605305065,
      "K_loc_mean": 1.3269221583489585,
      "Q_loc_mean": 0.31273584792546216,
      "K_rec_mean": 1.6705542343862274,
      "T_00": 0.9442476433705626,
      "R_bar": 0.1516265466235002,
      "Lambda": 0.8684343700588124
    },
    "P4": {
      "N": 42,
      "n_seeds": 28,
      "var_xi": 0.04455191779862989,
      "var_psi": 0.00012687168991344202,
      "frak_f": 0.044551917798629895,
      "K_loc_mean": 1.330213469290831,
      "Q_loc_mean": 0.3034061325534702,
      "K_rec_mean": 1.6785104030140963,
      "T_00": 0.9397507599337922,
      "R_bar": 0.13226528720615013,
      "Lambda": 0.8736181163307172
    },
    "P5": {
      "N": 50,
      "n_seeds": 28,
      "var_xi": 0.03865076235274439,
      "var_psi": 0.00011620417189695689,
      "frak_f": 0.03865076235274439,
      "K_loc_mean": 1.3326930640037804,
      "Q_loc_mean": 0.29464036713271374,
      "K_rec_mean": 1.6853728804374235,
      "T_00": 0.9298830638561804,
      "R_bar": 0.10650901833536285,
      "Lambda": 0.8766285546884992
    },
    "P6": {
      "N": 60,
      "n_seeds": 28,
      "var_xi": 0.031015538547537032,
      "var_psi": 9.70357527762052e-05,
      "frak_f": 0.03101553854753703,
      "K_loc_mean": 1.3352615051832,
      "Q_loc_mean": 0.28764248219677124,
      "K_rec_mean": 1.6914402640848145,
      "T_00": 0.9156991652799178,
      "R_bar": 0.07843896481521238,
      "Lambda": 0.8764796828723119
    },
    "P7": {
      "N": 72,
      "n_seeds": 20,
      "var_xi": 0.026292302816683148,
      "var_psi": 8.356771705924013e-05,
      "frak_f": 0.026292302816683148,
      "K_loc_mean": 1.3368266235348059,
      "Q_loc_mean": 0.280433048832551,
      "K_rec_mean": 1.6966100991185304,
      "T_00": 0.9076298663309208,
      "R_bar": 0.06366151740658309,
      "Lambda": 0.8757991076276292
    },
    "P8": {
      "N": 84,
      "n_seeds": 16,
      "var_xi": 0.022375356479996056,
      "var_psi": 7.747979567608612e-05,
      "frak_f": 0.022375356479996056,
      "K_loc_mean": 1.339527760396666,
      "Q_loc_mean": 0.2758355207561498,
      "K_rec_mean": 1.7016100000185912,
      "T_00": 0.9013045116806389,
      "R_bar": 0.052074566377716125,
      "Lambda": 0.8752672284917808
    }
  },
  "bootstrap_alpha_2_3_skip_P0": {
    "n_samples": 5000,
    "mean": 0.8510325379540518,
    "median": 0.8507416493641246,
    "std": 0.005304174002975155,
    "ci95": [
      0.8411055395243584,
      0.8616186944779597
    ],
    "ci99": [
      0.8381878209767327,
      0.8642168941143229
    ]
  }
}
