{
  "method": "section_14_1_exact_with_neighborhood_aware_K_Q_G_Psi_and_per_node_frak_f",
  "branch_metadata": {
    "causal_wave_branch": "matter",
    "regimes_used": [
      "P0",
      "P1",
      "P2prime",
      "P3",
      "P4",
      "P5",
      "P6",
      "P7",
      "P8"
    ],
    "branch_rationale": "Cosmological-constant / Einstein-source Lambda diagnostic; matter-projection-side observable",
    "schema": "worldformula/branch_metadata/v1"
  },
  "regimes": {
    "P0": {
      "N": 18,
      "n_seeds": 22,
      "G_Psi_mean": 0.5520602585116856,
      "frak_f_mean": 0.00018194135462882012,
      "K_loc_mean": 1.3385632253894324,
      "Q_loc_mean": 0.41134638462851786,
      "K_rec_mean": 1.632890033075173,
      "R_bg": 0.22152191586853637,
      "R_std": 0.012809642598696307,
      "var_xi": 0.08844513226920712,
      "var_psi_amp": 0.00028474482080116735,
      "T_00": 1.4133309833752774,
      "Lambda": 1.3303478032187868,
      "avg_degree": 7.787878787878788
    },
    "P1": {
      "N": 28,
      "n_seeds": 32,
      "G_Psi_mean": 0.5344108779982137,
      "frak_f_mean": 7.543705090290608e-05,
      "K_loc_mean": 1.3348409628176592,
      "Q_loc_mean": 0.38763620042356095,
      "K_rec_mean": 1.6410228626058785,
      "R_bg": 0.1835184544450413,
      "R_std": 0.008441427079286475,
      "var_xi": 0.06651853179945909,
      "var_psi_amp": 0.00019962263668539347,
      "T_00": 1.388513212676648,
      "Lambda": 1.3146111283112702,
      "avg_degree": 12.348214285714286
    },
    "P2prime": {
      "N": 30,
      "n_seeds": 28,
      "G_Psi_mean": 0.5611188058029353,
      "frak_f_mean": 0.00021597377044433526,
      "K_loc_mean": 1.3367756886739526,
      "Q_loc_mean": 0.38981252893566715,
      "K_rec_mean": 1.6418694242061187,
      "R_bg": 0.1915131182538193,
      "R_std": 0.013218400949803737,
      "var_xi": 0.057241225055224984,
      "var_psi_amp": 0.00015667750633593453,
      "T_00": 1.4112087620382205,
      "Lambda": 1.3321188695779775,
      "avg_degree": 15.478571428571428
    },
    "P3": {
      "N": 36,
      "n_seeds": 28,
      "G_Psi_mean": 0.5306336815464184,
      "frak_f_mean": 0.0002972688994106745,
      "K_loc_mean": 1.3383116980443954,
      "Q_loc_mean": 0.38406102571639683,
      "K_rec_mean": 1.6462811851861971,
      "R_bg": 0.17940432440127804,
      "R_std": 0.015847573861253367,
      "var_xi": 0.048308605305065,
      "var_psi_amp": 0.0001380821205262567,
      "T_00": 1.3785868794865446,
      "Lambda": 1.3027736061747943,
      "avg_degree": 18.86111111111111
    },
    "P4": {
      "N": 42,
      "n_seeds": 28,
      "G_Psi_mean": 0.5124088667152875,
      "frak_f_mean": 0.00015936831268441518,
      "K_loc_mean": 1.3406908646885973,
      "Q_loc_mean": 0.38587195912288025,
      "K_rec_mean": 1.647754885127157,
      "R_bg": 0.15607481101567394,
      "R_std": 0.011198459196472702,
      "var_xi": 0.04455191779862989,
      "var_psi_amp": 0.00012687168991344202,
      "T_00": 1.3589680344152923,
      "Lambda": 1.292835390812217,
      "avg_degree": 19.11904761904762
    },
    "P5": {
      "N": 50,
      "n_seeds": 28,
      "G_Psi_mean": 0.5002652457313896,
      "frak_f_mean": 4.586644585856299e-05,
      "K_loc_mean": 1.34158700895331,
      "Q_loc_mean": 0.39262695043817036,
      "K_rec_mean": 1.6452735337342248,
      "R_bg": 0.12650901833536285,
      "R_std": 0.00648594838111994,
      "var_xi": 0.03865076235274439,
      "var_psi_amp": 0.00011620417189695689,
      "T_00": 1.3424238642270236,
      "Lambda": 1.2891693550593424,
      "avg_degree": 18.139999999999997
    },
    "P6": {
      "N": 60,
      "n_seeds": 28,
      "G_Psi_mean": 0.49277736865185123,
      "frak_f_mean": 2.2878916249427905e-05,
      "K_loc_mean": 1.344565961153112,
      "Q_loc_mean": 0.4221233608404121,
      "K_rec_mean": 1.6335042807329059,
      "R_bg": 0.09510563148187903,
      "R_std": 0.004714791642817388,
      "var_xi": 0.031015538547537032,
      "var_psi_amp": 9.70357527762052e-05,
      "T_00": 1.3251743521482855,
      "Lambda": 1.2859548697406795,
      "avg_degree": 15.436904761904765
    },
    "P7": {
      "N": 72,
      "n_seeds": 20,
      "G_Psi_mean": 0.47260238120347864,
      "frak_f_mean": 2.151689345299827e-05,
      "K_loc_mean": 1.3455232074586048,
      "Q_loc_mean": 0.4289478268724567,
      "K_rec_mean": 1.6310492940223764,
      "R_bg": 0.077550406295472,
      "R_std": 0.00457315630331359,
      "var_xi": 0.026292302816683148,
      "var_psi_amp": 8.356771705924013e-05,
      "T_00": 1.3013944019036106,
      "Lambda": 1.269563643200319,
      "avg_degree": 14.818055555555556
    },
    "P8": {
      "N": 84,
      "n_seeds": 16,
      "G_Psi_mean": 0.47509801199161766,
      "frak_f_mean": 1.9798105112028774e-05,
      "K_loc_mean": 1.3475627688434562,
      "Q_loc_mean": 0.4454015718204445,
      "K_rec_mean": 1.6248619829332338,
      "R_bg": 0.06397932828247803,
      "R_std": 0.004422483445743342,
      "var_xi": 0.022375356479996056,
      "var_psi_amp": 7.747979567608612e-05,
      "T_00": 1.2988288081778547,
      "Lambda": 1.2727915249889967,
      "avg_degree": 13.672619047619047
    }
  },
  "bootstrap_alpha_2_3_skip_P0": {
    "n_samples": 5000,
    "mean": 1.2191043907649608,
    "median": 1.217466690651647,
    "std": 0.06983618148070071,
    "ci95": [
      1.0871285769017276,
      1.3559577684217528
    ],
    "ci99": [
      1.048909223490595,
      1.3988064513597167
    ]
  },
  "parameters": {
    "zeta_1": 1.0,
    "zeta_2": 0.75,
    "zeta_3": 0.5,
    "a_K": 1.0,
    "a_Q": 0.5,
    "eps_omega": 1e-06,
    "eps_d": 1e-06,
    "ell_0": 1.0,
    "xi_threshold_for_adjacency": 0.001
  }
}
