{
  "branch_metadata": {
    "causal_wave_branch": "matter",
    "branch_rationale": "Einstein-equation source residual / GR emergence diagnostic; T_00, G_00, Lambda_t are matter-side / source-side per P4 manuscript",
    "schema": "worldformula/branch_metadata/v1"
  },
  "title": "Algebraic candidate scan for Lambda_t / T_00 regime-mean and per-regime residuals.",
  "empirical": {
    "regimes": [
      "P0",
      "P1",
      "P2prime",
      "P3",
      "P4",
      "P5",
      "P6",
      "P5N64",
      "P7",
      "P5N72",
      "P8",
      "P5N84",
      "P5N100",
      "P5N200",
      "P5N300"
    ],
    "N": [
      18,
      28,
      30,
      36,
      42,
      50,
      60,
      64,
      72,
      72,
      84,
      84,
      100,
      200,
      300
    ],
    "ratios": [
      0.9258943213840317,
      0.943262934602756,
      0.9481000726968692,
      0.9580532112302337,
      0.9631840407034185,
      0.971754945889532,
      0.9797754471200469,
      0.9791712125451373,
      0.9829200275494206,
      0.98208907144624,
      0.98761075575526,
      0.9854177499877116,
      0.9884958290311497,
      0.9950328656015629,
      0.99634829627177
    ],
    "mean_all": 0.9724740521210092,
    "std_all": 0.01990611133158123,
    "mean_N28plus": 0.975801175745079,
    "std_N28plus": 0.016078271022702057
  },
  "constants": {
    "algebraic": {
      "alpha_xi": 0.9,
      "gamma": 0.1,
      "beta_pi": 0.9375,
      "D_omega": 0.8375
    },
    "measured": {
      "alpha_xi": 0.900819,
      "gamma": 0.100206,
      "beta_pi": 0.937913,
      "D_omega": 0.839964
    }
  },
  "candidates_algebraic": {
    "(A) 1 - gamma^2 / alpha_xi^2": {
      "mean": 0.9876543209876547,
      "values": [
        0.9876543209876543,
        0.9876543209876543,
        0.9876543209876543,
        0.9876543209876543,
        0.9876543209876543,
        0.9876543209876543,
        0.9876543209876543,
        0.9876543209876543,
        0.9876543209876543,
        0.9876543209876543,
        0.9876543209876543,
        0.9876543209876543,
        0.9876543209876543,
        0.9876543209876543,
        0.9876543209876543
      ],
      "rms": 0.025033853702714957,
      "max_abs_resid": 0.06175999960362255,
      "mean_bias": 0.015180268866644912,
      "mean_rel_pct": 1.8309534742513713
    },
    "(B) alpha_xi^2 (1 + 1/(2N))": {
      "mean": 0.8180568750000001,
      "values": [
        0.8325,
        0.8244642857142858,
        0.8235,
        0.82125,
        0.8196428571428571,
        0.8181,
        0.81675,
        0.8163281250000001,
        0.815625,
        0.815625,
        0.8148214285714286,
        0.8148214285714286,
        0.8140499999999999,
        0.812025,
        0.8113500000000001
      ],
      "rms": 0.15645867651751302,
      "max_abs_resid": 0.1849982962717699,
      "mean_bias": -0.15441717712100936,
      "mean_rel_pct": 15.831516764555403
    },
    "(C) 1 - 2 gamma^2 (1 - 1/N)": {
      "mean": 0.9803978703703703,
      "values": [
        0.9811111111111112,
        0.9807142857142858,
        0.9806666666666667,
        0.9805555555555555,
        0.9804761904761905,
        0.9804,
        0.9803333333333333,
        0.9803125,
        0.9802777777777778,
        0.9802777777777778,
        0.9802380952380952,
        0.9802380952380952,
        0.9802,
        0.9801,
        0.9800666666666666
      ],
      "rms": 0.02166741827600912,
      "max_abs_resid": 0.05521678972707944,
      "mean_bias": 0.007923818249361022,
      "mean_rel_pct": 1.6183769644573458
    },
    "(D) 1 - gamma^2 (4/pi)": {
      "mean": 0.9872676045526486,
      "values": [
        0.9872676045526484,
        0.9872676045526484,
        0.9872676045526484,
        0.9872676045526484,
        0.9872676045526484,
        0.9872676045526484,
        0.9872676045526484,
        0.9872676045526484,
        0.9872676045526484,
        0.9872676045526484,
        0.9872676045526484,
        0.9872676045526484,
        0.9872676045526484,
        0.9872676045526484,
        0.9872676045526484
      ],
      "rms": 0.024801259280386543,
      "max_abs_resid": 0.06137328316861668,
      "mean_bias": 0.014793552431639038,
      "mean_rel_pct": 1.8113762858617661
    },
    "(E) 1 - gamma / sqrt(N)": {
      "mean": 0.986625897625707,
      "values": [
        0.9764297739604484,
        0.9811017763495387,
        0.9817425814164945,
        0.9833333333333333,
        0.9845696650037908,
        0.9858578643762691,
        0.987090055512642,
        0.9875,
        0.9882148869802242,
        0.9882148869802242,
        0.9890891054882004,
        0.9890891054882004,
        0.99,
        0.9929289321881345,
        0.9942264973081038
      ],
      "rms": 0.021020686525025215,
      "max_abs_resid": 0.05053545257641667,
      "mean_bias": 0.01415184550469759,
      "mean_rel_pct": 1.5457746911625385
    },
    "(F) 1 - alpha_xi gamma^2 / (a-g)": {
      "mean": 0.9887499999999998,
      "values": [
        0.98875,
        0.98875,
        0.98875,
        0.98875,
        0.98875,
        0.98875,
        0.98875,
        0.98875,
        0.98875,
        0.98875,
        0.98875,
        0.98875,
        0.98875,
        0.98875,
        0.98875
      ],
      "rms": 0.02571302680947786,
      "max_abs_resid": 0.0628556786159683,
      "mean_bias": 0.016275947878990664,
      "mean_rel_pct": 1.9029755752634239
    },
    "(G) (1 - gamma) + gamma^2": {
      "mean": 0.91,
      "values": [
        0.91,
        0.91,
        0.91,
        0.91,
        0.91,
        0.91,
        0.91,
        0.91,
        0.91,
        0.91,
        0.91,
        0.91,
        0.91,
        0.91,
        0.91
      ],
      "rms": 0.06556874603623204,
      "max_abs_resid": 0.08634829627176999,
      "mean_bias": -0.06247405212100932,
      "mean_rel_pct": 6.384258336351214
    },
    "(H) 1 - gamma^2 (1 + 1/N)": {
      "mean": 0.9898010648148149,
      "values": [
        0.9894444444444445,
        0.9896428571428572,
        0.9896666666666667,
        0.9897222222222222,
        0.9897619047619047,
        0.9898,
        0.9898333333333333,
        0.98984375,
        0.9898611111111111,
        0.9898611111111111,
        0.9898809523809524,
        0.9898809523809524,
        0.9899,
        0.98995,
        0.9899666666666667
      ],
      "rms": 0.026292817699872736,
      "max_abs_resid": 0.06355012306041274,
      "mean_bias": 0.017327012693805464,
      "mean_rel_pct": 1.9784617518435477
    },
    "(I) 1 - gamma (4/pi) / sqrt(N)": {
      "mean": 0.9829715639817137,
      "values": [
        0.9699894561280965,
        0.9759380343229833,
        0.9767539326746981,
        0.9787793409210807,
        0.9803534872943156,
        0.9819936736768579,
        0.98356254815836,
        0.9840845056908105,
        0.9849947280640482,
        0.9849947280640482,
        0.9861078176391429,
        0.9861078176391429,
        0.9872676045526484,
        0.990996836838429,
        0.9926489480610428
      ],
      "rms": 0.017790875376338815,
      "max_abs_resid": 0.04409513474406479,
      "mean_bias": 0.010497511860704304,
      "mean_rel_pct": 1.2511270759327517
    },
    "(J) 1 - g^2 - g^3 (1 - 1/sqrt(N))": {
      "mean": 0.989133741023743,
      "values": [
        0.9892357022603955,
        0.9891889822365046,
        0.989182574185835,
        0.9891666666666666,
        0.9891543033499621,
        0.9891414213562373,
        0.9891290994448736,
        0.989125,
        0.9891178511301978,
        0.9891178511301978,
        0.9891091089451179,
        0.9891091089451179,
        0.9891,
        0.9890707106781187,
        0.989057735026919
      ],
      "rms": 0.025991302057081247,
      "max_abs_resid": 0.06334138087636376,
      "mean_bias": 0.01665968890273357,
      "mean_rel_pct": 1.9341310601897568
    },
    "(K) [1 - g^2 (4/pi)] - g/sqrt(N)": {
      "mean": 0.9738935021783554,