{
  "method": "xi_gram_spectral_gap_n_scaling",
  "branch_metadata": {
    "causal_wave_branch": "neutral_internal",
    "regimes_used": [
      "P0",
      "P1",
      "P2prime",
      "P3",
      "P4",
      "P5",
      "P6",
      "P7",
      "P8"
    ],
    "branch_rationale": "Statistical / spectral / topology diagnostic on lattice state; no branch projection in formulas",
    "schema": "worldformula/branch_metadata/v1"
  },
  "title": "Cross-regime Xi-Gram eigenvalue gap with Wigner-Dyson gap-ratio classification on P0..P8.",
  "ladder_N": [
    18,
    28,
    30,
    36,
    42,
    50,
    60,
    72,
    84
  ],
  "per_regime": [
    {
      "regime": "P0",
      "N": 18,
      "n_seeds": 24,
      "status": "OK",
      "relative_spectral_gap": {
        "mean": 0.45824179070096765,
        "std": 0.08425335220465845,
        "min": 0.2741051565921876,
        "max": 0.5755718861043533
      },
      "absolute_spectral_gap": {
        "mean": 0.17584009859721017,
        "std": 0.04083294870515009
      },
      "log_spacing_top6_std": {
        "mean": 0.09036022470763265,
        "std": 0.022629487829551122
      },
      "gap_ratio_mean": {
        "mean": 0.4634608589554518,
        "std": 0.06365791852933508,
        "n_seeds_valid": 24
      },
      "spectral_classes": [
        "Poisson",
        "Poisson",
        "GOE",
        "GOE",
        "Poisson",
        "Poisson",
        "GOE",
        "GOE",
        "GOE",
        "Poisson",
        "Poisson",
        "GUE",
        "GOE",
        "Poisson",
        "Poisson",
        "GOE",
        "GOE",
        "Poisson",
        "GOE",
        "GOE",
        "GOE",
        "GOE",
        "Poisson",
        "GOE"
      ],
      "spectral_class_majority": "GOE",
      "shuffled_gap_ratio_mean": {
        "mean": 0.4289689348523475,
        "std": 0.0744548168970574
      },
      "shuffled_spectral_class_majority": "Poisson"
    },
    {
      "regime": "P1",
      "N": 28,
      "n_seeds": 32,
      "status": "OK",
      "relative_spectral_gap": {
        "mean": 0.537126496504515,
        "std": 0.057452134879358324,
        "min": 0.40405399175262874,
        "max": 0.6322971195238136
      },
      "absolute_spectral_gap": {
        "mean": 0.18955923195579225,
        "std": 0.027521917496574864
      },
      "log_spacing_top6_std": {
        "mean": 0.10124210267134615,
        "std": 0.023888869916179795
      },
      "gap_ratio_mean": {
        "mean": 0.4644705313918923,
        "std": 0.04958804123184704,
        "n_seeds_valid": 32
      },
      "spectral_classes": [
        "GOE",
        "GOE",
        "GOE",
        "GOE",
        "GOE",
        "GOE",
        "Poisson",
        "Poisson",
        "GOE",
        "Poisson",
        "Poisson",
        "GOE",
        "GOE",
        "GOE",
        "GOE",
        "Poisson",
        "GOE",
        "GOE",
        "GOE",
        "GOE",
        "GOE",
        "GOE",
        "GOE",
        "GOE",
        "GOE",
        "Poisson",
        "GOE",
        "Poisson",
        "Poisson",
        "GOE",
        "Poisson",
        "Poisson"
      ],
      "spectral_class_majority": "GOE",
      "shuffled_gap_ratio_mean": {
        "mean": 0.4515694581982933,
        "std": 0.06406429646984078
      },
      "shuffled_spectral_class_majority": "Poisson"
    },
    {
      "regime": "P2prime",
      "N": 30,
      "n_seeds": 28,
      "status": "OK",
      "relative_spectral_gap": {
        "mean": 0.680557593243896,
        "std": 0.05365202086006818,
        "min": 0.5625365633102999,
        "max": 0.7633604529917954
      },
      "absolute_spectral_gap": {
        "mean": 0.2791488916548797,
        "std": 0.046794147753085366
      },
      "log_spacing_top6_std": {
        "mean": 0.16698893353110542,
        "std": 0.031283399393352174
      },
      "gap_ratio_mean": {
        "mean": 0.4601974142906909,
        "std": 0.050061946683028324,
        "n_seeds_valid": 28
      },
      "spectral_classes": [
        "GOE",
        "Poisson",
        "GOE",
        "GOE",
        "Poisson",
        "Poisson",
        "GUE",
        "GOE",
        "GOE",
        "GOE",
        "Poisson",
        "GOE",
        "GOE",
        "GOE",
        "GOE",
        "GOE",
        "Poisson",
        "GOE",
        "GOE",
        "GOE",
        "Poisson",
        "GOE",
        "GOE",
        "GOE",
        "GOE",
        "GOE",
        "GOE",
        "Poisson"
      ],
      "spectral_class_majority": "GOE",
      "shuffled_gap_ratio_mean": {
        "mean": 0.44799050444495425,
        "std": 0.06079407043807249
      },
      "shuffled_spectral_class_majority": "GOE"
    },
    {
      "regime": "P3",
      "N": 36,
      "n_seeds": 28,
      "status": "OK",
      "relative_spectral_gap": {
        "mean": 0.7354623815675768,
        "std": 0.03488592528584219,
        "min": 0.6630077511898118,
        "max": 0.7989657558759666
      },
      "absolute_spectral_gap": {
        "mean": 0.30688184565271254,
        "std": 0.03812143944564199
      },
      "log_spacing_top6_std": {
        "mean": 0.20110517936280764,
        "std": 0.024524802026137438
      },
      "gap_ratio_mean": {
        "mean": 0.46344350571303705,
        "std": 0.05115625037590914,
        "n_seeds_valid": 28
      },
      "spectral_classes": [
        "GOE",
        "Poisson",
        "Poisson",
        "GOE",
        "Poisson",
        "Poisson",
        "GOE",
        "GOE",
        "Poisson",
        "GOE",
        "GOE",
        "GOE",
        "Poisson",
        "GOE",
        "GOE",
        "Poisson",
        "GOE",
        "Poisson",
        "Poisson",
        "Poisson",
        "GOE",
        "Poisson",
        "GOE",
        "GOE",
        "GOE",
        "GOE",
        "GOE",
        "Poisson"
      ],
      "spectral_class_majority": "GOE",
      "shuffled_gap_ratio_mean": {
        "mean": 0.4475330788290686,
        "std": 0.04604527698451384
      },
      "shuffled_spectral_class_majority": "GOE"
    },
    {
      "regime": "P4",
      "N": 42,
      "n_seeds": 28,
      "status": "OK",
      "relative_spectral_gap": {
        "mean": 0.707741890518248,
        "std": 0.05074990925776554,
        "min": 0.5998485980600006,
        "max": 0.801285050355395
      },
      "absolute_spectral_gap": {
        "mean": 0.2620356486655938,
        "std": 0.04504347235561367
      },
      "log_spacing_top6_std": {
        "mean": 0.18839844131597763,
        "std": 0.03325094312002704
      },
      "gap_ratio_mean": {
        "mean": 0.4578659016101943,
        "std": 0.0491175908345305,
        "n_seeds_valid": 28
      },
      "spectral_classes": [
        "GOE",
        "Poisson",
        "Poisson",
        "Poisson",
        "Poisson",
        "GOE",
        "Poisson",
        "Poisson",
        "GOE",
        "GOE",
        "GOE",
        "Poisson",
        "GOE",
        "Poisson",
        "GOE",
        "GOE",
        "Poisson",
        "GOE",
        "GOE",
        "GOE",
        "Poisson",
        "GOE",
        "GOE",
        "GOE",
        "GOE",
        "Poisson",
        "Poisson",
        "GOE"
      ],
      "spectral_class_majority": "GOE",
      "shuffled_gap_ratio_mean": {
        "mean": 0.4558723943529781,
        "std": 0.04669892217338656
      },
      "shuffled_spectral_class_majority": "Poisson"
    },
    {
      "regime": "P5",
      "N": 50,
      "n_seeds": 28,
      "status": "OK",
      "relative_spectral_gap": {
        "mean": 0.6739175822242899,
        "std": 0.03813436587113841,
        "min": 0.581562286675596,
        "max": 0.761590219481933
      },
      "absolute_spectral_gap": {
        "mean": 0.20895520482865243,
        "std": 0.029104792108394593
      },
      "log_spacing_top6_std": {
        "mean": 0.17036548088806017,
        "std": 0.022484148151252985
      },
      "gap_ratio_mean": {
        "mean": 0.4724358952342231,
        "std": 0.03884964305259587,
        "n_seeds_valid": 28
      },