{
  "method": "2plus1_frame_invariance",
  "branch_metadata": {
    "causal_wave_branch": "neutral_internal",
    "regimes_used": [
      "P1",
      "P3",
      "P4",
      "P5",
      "P5N64",
      "P6",
      "P7",
      "P8",
      "P5N100",
      "P5N72",
      "P5N84",
      "P5N200",
      "P6N128",
      "P8N128"
    ],
    "branch_rationale": "Internal structural / framework-internal diagnostic; branch-blind algebraic or seed-level test",
    "schema": "worldformula/branch_metadata/v1"
  },
  "per_regime": [
    {
      "regime": "P1",
      "N": 28,
      "n_nodes": 112,
      "sorted_sign_dist": [
        8,
        15,
        89,
        0
      ],
      "sorted_proportions": [
        0.07142857142857142,
        0.13392857142857142,
        0.7946428571428571,
        0.0
      ],
      "random_sign_dist": [
        7,
        28,
        73,
        4
      ],
      "random_proportions": [
        0.0625,
        0.25,
        0.6517857142857143,
        0.03571428571428571
      ],
      "sorted_aniso_mean": 0.6527901536614771,
      "random_aniso_mean": 0.4688879287755888
    },
    {
      "regime": "P3",
      "N": 36,
      "n_nodes": 144,
      "sorted_sign_dist": [
        27,
        34,
        83,
        0
      ],
      "sorted_proportions": [
        0.1875,
        0.2361111111111111,
        0.5763888888888888,
        0.0
      ],
      "random_sign_dist": [
        32,
        41,
        67,
        4
      ],
      "random_proportions": [
        0.2222222222222222,
        0.2847222222222222,
        0.4652777777777778,
        0.027777777777777776
      ],
      "sorted_aniso_mean": 0.7828351542933419,
      "random_aniso_mean": 0.5445490393084523
    },
    {
      "regime": "P4",
      "N": 42,
      "n_nodes": 168,
      "sorted_sign_dist": [
        26,
        32,
        110,
        0
      ],
      "sorted_proportions": [
        0.15476190476190477,
        0.19047619047619047,
        0.6547619047619048,
        0.0
      ],
      "random_sign_dist": [
        16,
        60,
        92,
        0
      ],
      "random_proportions": [
        0.09523809523809523,
        0.35714285714285715,
        0.5476190476190477,
        0.0
      ],
      "sorted_aniso_mean": 0.2074165345492657,
      "random_aniso_mean": 0.1370118963357461
    },
    {
      "regime": "P5",
      "N": 50,
      "n_nodes": 200,
      "sorted_sign_dist": [
        21,
        47,
        132,
        0
      ],
      "sorted_proportions": [
        0.105,
        0.235,
        0.66,
        0.0
      ],
      "random_sign_dist": [
        28,
        56,
        102,
        14
      ],
      "random_proportions": [
        0.14,
        0.28,
        0.51,
        0.07
      ],
      "sorted_aniso_mean": 0.31153543574017223,
      "random_aniso_mean": 0.2066945457767634
    },
    {
      "regime": "P5N64",
      "N": 64,
      "n_nodes": 256,
      "sorted_sign_dist": [
        52,
        80,
        124,
        0
      ],
      "sorted_proportions": [
        0.203125,
        0.3125,
        0.484375,
        0.0
      ],
      "random_sign_dist": [
        55,
        87,
        109,
        5
      ],
      "random_proportions": [
        0.21484375,
        0.33984375,
        0.42578125,
        0.01953125
      ],
      "sorted_aniso_mean": 0.20304290493802757,
      "random_aniso_mean": 0.1515440872639705
    },
    {
      "regime": "P6",
      "N": 60,
      "n_nodes": 240,
      "sorted_sign_dist": [
        40,
        97,
        103,
        0
      ],
      "sorted_proportions": [
        0.16666666666666666,
        0.4041666666666667,
        0.42916666666666664,
        0.0
      ],
      "random_sign_dist": [
        45,
        109,
        81,
        5
      ],
      "random_proportions": [
        0.1875,
        0.45416666666666666,
        0.3375,
        0.020833333333333332
      ],
      "sorted_aniso_mean": 0.07830087875429534,
      "random_aniso_mean": 0.05346043119577309
    },
    {
      "regime": "P7",
      "N": 72,
      "n_nodes": 288,
      "sorted_sign_dist": [
        58,
        88,
        142,
        0
      ],
      "sorted_proportions": [
        0.2013888888888889,
        0.3055555555555556,
        0.4930555555555556,
        0.0
      ],
      "random_sign_dist": [
        68,
        97,
        116,
        7
      ],
      "random_proportions": [
        0.2361111111111111,
        0.3368055555555556,
        0.4027777777777778,
        0.024305555555555556
      ],
      "sorted_aniso_mean": 0.12573733228656966,
      "random_aniso_mean": 0.08396693585223236
    },
    {
      "regime": "P8",
      "N": 84,
      "n_nodes": 336,
      "sorted_sign_dist": [
        58,
        137,
        141,
        0
      ],
      "sorted_proportions": [
        0.17261904761904762,
        0.40773809523809523,
        0.41964285714285715,
        0.0
      ],
      "random_sign_dist": [
        73,
        141,
        118,
        4
      ],
      "random_proportions": [
        0.21726190476190477,
        0.41964285714285715,
        0.35119047619047616,
        0.011904761904761904
      ],
      "sorted_aniso_mean": 0.05714877787277693,
      "random_aniso_mean": 0.03912306653629897
    },
    {
      "regime": "P5N100",
      "N": 100,
      "n_nodes": 300,
      "sorted_sign_dist": [
        58,
        110,
        132,
        0
      ],
      "sorted_proportions": [
        0.19333333333333333,
        0.36666666666666664,
        0.44,
        0.0
      ],
      "random_sign_dist": [
        69,
        127,
        98,
        6
      ],
      "random_proportions": [
        0.23,
        0.42333333333333334,
        0.32666666666666666,
        0.02
      ],
      "sorted_aniso_mean": 0.0678877496762059,
      "random_aniso_mean": 0.04257390264408137
    },
    {
      "regime": "P5N72",
      "N": 72,
      "n_nodes": 288,
      "sorted_sign_dist": [
        51,
        88,
        149,
        0
      ],
      "sorted_proportions": [
        0.17708333333333334,
        0.3055555555555556,
        0.5173611111111112,
        0.0
      ],
      "random_sign_dist": [
        69,
        90,
        125,
        4
      ],
      "random_proportions": [
        0.23958333333333334,
        0.3125,
        0.4340277777777778,
        0.013888888888888888
      ],
      "sorted_aniso_mean": 0.14116879256757386,
      "random_aniso_mean": 0.09469345170676641
    },
    {
      "regime": "P5N84",
      "N": 84,
      "n_nodes": 336,
      "sorted_sign_dist": [
        67,
        122,
        147,
        0
      ],
      "sorted_proportions": [
        0.19940476190476192,
        0.3630952380952381,
        0.4375,
        0.0
      ],
      "random_sign_dist": [
        82,
        131,
        117,
        6
      ],
      "random_proportions": [
        0.24404761904761904,
        0.3898809523809524,
        0.3482142857142857,
        0.017857142857142856
      ],
      "sorted_aniso_mean": 0.06808166519684948,
      "random_aniso_mean": 0.04582089584596835
    },
    {
      "regime": "P5N200",
      "N": 200,
      "n_nodes": 400,
      "sorted_sign_dist": [
        84,
        202,
        114,
        0
      ],
      "sorted_proportions": [
        0.21,
        0.505,
        0.285,
        0.0
      ],
      "random_sign_dist": [
        113,
        191,
        91,
        5
      ],
      "random_proportions": [
        0.2825,
        0.4775,
        0.2275,
        0.0125
      ],
      "sorted_aniso_mean": 0.007587495926666387,
      "random_aniso_mean": 0.004848333387557529
    },
    {
      "regime": "P6N128",
      "N": 128,
      "n_nodes": 512,
      "sorted_sign_dist": [
        91,
        233,
        188,
        0
      ],
      "sorted_proportions": [
        0.177734375,
        0.455078125,
        0.3671875,
        0.0
      ],
      "random_sign_dist": [
        106,
        247,
        151,
        8
      ],