{
  "method": "per_seed_asym_PPN_PNN_n_trend",
  "branch_metadata": {
    "causal_wave_branch": "neutral_internal",
    "regimes_used": [
      "P5N64",
      "P5N72",
      "P5N84",
      "P5N100",
      "P5N128",
      "P5N200",
      "P5N256",
      "P5N300"
    ],
    "branch_rationale": "Lattice-seed-level diagnostic; branch-blind lattice analysis",
    "schema": "worldformula/branch_metadata/v1"
  },
  "rows": [
    {
      "regime": "P5N64",
      "N": 64,
      "n_seeds": 24,
      "asym_per_seed": [
        -0.013916500994035786,
        0.03907787461343829,
        -0.0014903129657228018,
        -0.02023608768971332,
        0.0058823529411764705,
        0.04432895139101192,
        0.08961996596710153,
        0.05903614457831325,
        -0.016156953260242354,
        0.0689245395127748,
        0.09349593495934959,
        -0.06112616681722373,
        0.041120381406436236,
        0.10288808664259928,
        0.0515998846929951,
        0.017180094786729858,
        0.007774258566081198,
        0.011474469305794608,
        0.08283838699593624,
        0.0417036379769299,
        -0.0018018018018018018,
        0.05477920626048072,
        -0.053307284398548704,
        -0.04175064785488051
      ],
      "asym_mean": 0.0250807672839575,
      "asym_std": 0.045487372633632256,
      "asym_uncertainty_of_mean": 0.009285071057686538,
      "sigma_vs_0": 2.7011928210495144,
      "n_PPN_per_seed": [
        1736,
        1848,
        1675,
        1743,
        1539,
        1708,
        1921,
        1758,
        1705,
        1799,
        1883,
        1559,
        1747,
        1833,
        1824,
        1717,
        1750,
        1763,
        1732,
        1761,
        1662,
        1887,
        1696,
        1664
      ],
      "n_PNN_per_seed": [
        1785,
        1709,
        1680,
        1815,
        1521,
        1563,
        1605,
        1562,
        1761,
        1567,
        1561,
        1762,
        1609,
        1491,
        1645,
        1659,
        1723,
        1723,
        1467,
        1620,
        1668,
        1691,
        1887,
        1809
      ],
      "n_total_classified_per_seed": [
        4692,
        4718,
        4350,
        4734,
        4119,
        4507,
        4792,
        4547,
        4543,
        4399,
        4717,
        4412,
        4622,
        4464,
        4633,
        4565,
        4660,
        4696,
        4423,
        4531,
        4552,
        4618,
        4737,
        4665
      ]
    },
    {
      "regime": "P5N72",
      "N": 72,
      "n_seeds": 24,
      "asym_per_seed": [
        -0.007183908045977011,
        0.022932233960319504,
        0.07986281234688879,
        -0.0026609898882384245,
        0.05982478097622027,
        0.0027438263906211027,
        0.038375835602872,
        0.026623538193580494,
        -0.05398587285570131,
        0.008646998982706003,
        0.07304393033532623,
        -0.010606472667935817,
        -0.0021810250817884407,
        -0.05704697986577181,
        -0.024865919063871283,
        -0.028112449799196786,
        -0.00983946141895391,
        0.03286878779910597,
        -0.0472420163631565,
        -0.06467156987065686,
        0.0359375,
        -0.05331882480957562,
        -0.013355137639683837,
        0.021863612701717855
      ],
      "asym_mean": 0.001152217913285442,
      "asym_std": 0.039888334081079696,
      "asym_uncertainty_of_mean": 0.008142172099026115,
      "sigma_vs_0": 0.14151235066908727,
      "n_PPN_per_seed": [
        2073,
        1985,
        2204,
        1874,
        2117,
        2010,
        2097,
        2063,
        1875,
        1983,
        2064,
        1819,
        1830,
        1967,
        2000,
        1936,
        1912,
        1964,
        1805,
        1844,
        1989,
        1740,
        1810,
        1963
      ],
      "n_PNN_per_seed": [
        2103,
        1896,
        1878,
        1884,
        1878,
        1999,
        1942,
        1956,
        2089,
        1949,
        1783,
        1858,
        1838,
        2205,
        2102,
        2048,
        1950,
        1839,
        1984,
        2099,
        1851,
        1936,
        1859,
        1879
      ],
      "n_total_classified_per_seed": [
        5423,
        5169,
        5510,
        4890,
        5133,
        5378,
        5351,
        5443,
        5222,
        5317,
        5163,
        4835,
        4892,
        5409,
        5366,
        5270,
        5246,
        5147,
        5051,
        5118,
        5185,
        5009,
        5018,
        5145
      ]
    },
    {
      "regime": "P5N84",
      "N": 84,
      "n_seeds": 24,
      "asym_per_seed": [
        0.02949382223993623,
        0.013439083498567966,
        -0.00040064102564102563,
        0.054786024395286334,
        0.010458911419423693,
        0.0032323232323232323,
        -0.002421307506053269,
        -0.026491405460060666,
        0.033023958558169655,
        -0.06446901731692051,
        -0.015788394504818535,
        -0.030831643002028397,
        -0.0030605998775760047,
        0.023229246001523228,
        -0.011053180396246089,
        0.024800336275746113,
        0.03320533092387622,
        -0.0031631269769543608,
        0.045989304812834225,
        0.021729867916489135,
        0.021770091556459818,
        0.027385892116182572,
        0.003198720511795282,
        -0.028928199791883456
      ],
      "asym_mean": 0.006630641566684641,
      "asym_std": 0.02687019820094796,
      "asym_uncertainty_of_mean": 0.005484856239981087,
      "sigma_vs_0": 1.2088997918216184,
      "n_PPN_per_seed": [
        2583,
        2300,
        2495,
        2551,
        2367,
        2483,
        2266,
        2407,
        2393,
        2242,
        2400,
        2389,
        2443,
        2687,
        2371,
        2438,
        2287,
        2206,
        2445,
        2398,
        2511,
        2476,
        2509,
        2333
      ],
      "n_PNN_per_seed": [
        2435,
        2239,
        2497,
        2286,
        2318,
        2467,
        2277,
        2538,
        2240,
        2551,
        2477,
        2541,
        2458,
        2565,
        2424,
        2320,
        2140,
        2220,
        2230,
        2296,
        2404,
        2344,
        2493,
        2472
      ],
      "n_total_classified_per_seed": [
        6729,
        6175,
        6696,
        6382,
        6243,
        6582,
        5995,
        6591,
        6196,
        6216,
        6363,
        6739,
        6471,
        6923,
        6356,
        6331,
        6121,
        5981,
        6397,
        6207,
        6573,
        6302,
        6624,
        6460
      ]
    },
    {
      "regime": "P5N100",
      "N": 100,
      "n_seeds": 24,
      "asym_per_seed": [
        -0.04331828064893795,
        0.03839842468001313,
        0.07022518765638032,
        -0.045597744984248054,
        0.028745247148288973,
        0.0025388765471278957,
        0.009095589497168355,
        -0.029182219205972176,
        -0.0230794592812397,
        -0.008184399532320027,
        -0.00017196904557179707,
        -0.032603243604748366,
        0.024025974025974027,
        0.012166272389320717,
        -0.021962395323115814,
        0.021330383946911044,
        0.01160013647219379,
        -0.021231043710972345,
        0.028534786790638023,
        -0.040229885057471264,
        0.011322011322011322,
        0.024092409240924092,
        0.006736644211185963,
        0.04209479615512098
      ],
      "asym_mean": 0.0027227541536942157,
      "asym_std": 0.02945336587417501,
      "asym_uncertainty_of_mean": 0.006012143133269315,
      "sigma_vs_0": 0.4528758037424871,