{
  "method": "M3_envelope_variants_audit",
  "branch_metadata": {
    "causal_wave_branch": "neutral_internal",
    "regimes_used": [
      "P5",
      "P5N64",
      "P5N72",
      "P5N84",
      "P5N100",
      "P5N128",
      "P5N200",
      "P5N300"
    ],
    "branch_rationale": "Topology / vortex / triangle-phase diagnostic; algebraic discrete-Wilson-loop / homology test",
    "schema": "worldformula/branch_metadata/v1"
  },
  "rows": [
    {
      "regime": "P5",
      "N": 50,
      "n_seeds": 28,
      "variants": {
        "V1_direct": {
          "L2": 0.018123602349664935,
          "sup": 0.32683428250496815
        },
        "V2_max_path": {
          "L2": 0.010004818480641822,
          "sup": 0.20820351773519516
        },
        "V3_geometric": {
          "L2": 0.02027294156275169,
          "sup": 0.3673280263538321
        },
        "V4_penalty_alpha0.5": {
          "L2": 0.0125188772115688,
          "sup": 0.24089523370589697
        },
        "V5_floor_q5": {
          "L2": 0.018122917490627728,
          "sup": 0.3268340836451409
        }
      }
    },
    {
      "regime": "P5N64",
      "N": 64,
      "n_seeds": 24,
      "variants": {
        "V1_direct": {
          "L2": 0.013448186651614047,
          "sup": 0.30919765650191405
        },
        "V2_max_path": {
          "L2": 0.007815197316254192,
          "sup": 0.2030233119828123
        },
        "V3_geometric": {
          "L2": 0.015184052907871606,
          "sup": 0.3610919153244912
        },
        "V4_penalty_alpha0.5": {
          "L2": 0.009508081750470541,
          "sup": 0.23215621528949063
        },
        "V5_floor_q5": {
          "L2": 0.013447779323940937,
          "sup": 0.30919537865783586
        }
      }
    },
    {
      "regime": "P5N72",
      "N": 72,
      "n_seeds": 24,
      "variants": {
        "V1_direct": {
          "L2": 0.011957091468619846,
          "sup": 0.3318797161955156
        },
        "V2_max_path": {
          "L2": 0.006965906139870681,
          "sup": 0.20542094912382414
        },
        "V3_geometric": {
          "L2": 0.013509946686103572,
          "sup": 0.3826240252941939
        },
        "V4_penalty_alpha0.5": {
          "L2": 0.008481984587772403,
          "sup": 0.2455786730624044
        },
        "V5_floor_q5": {
          "L2": 0.011956764885281837,
          "sup": 0.3318797161955156
        }
      }
    },
    {
      "regime": "P5N84",
      "N": 84,
      "n_seeds": 24,
      "variants": {
        "V1_direct": {
          "L2": 0.01024394892544561,
          "sup": 0.31952216236589553
        },
        "V2_max_path": {
          "L2": 0.006087483894976709,
          "sup": 0.1955133881984075
        },
        "V3_geometric": {
          "L2": 0.011610141100604683,
          "sup": 0.37371147446151237
        },
        "V4_penalty_alpha0.5": {
          "L2": 0.00734078243638286,
          "sup": 0.23898904040386515
        },
        "V5_floor_q5": {
          "L2": 0.010243689018154284,
          "sup": 0.31952216236589553
        }
      }
    },
    {
      "regime": "P5N100",
      "N": 100,
      "n_seeds": 24,
      "variants": {
        "V1_direct": {
          "L2": 0.00839422673783539,
          "sup": 0.3198513407202899
        },
        "V2_max_path": {
          "L2": 0.005269946669529402,
          "sup": 0.20967022789866574
        },
        "V3_geometric": {
          "L2": 0.009557773634482682,
          "sup": 0.372818074400036
        },
        "V4_penalty_alpha0.5": {
          "L2": 0.006130706413667068,
          "sup": 0.23929977782936562
        },
        "V5_floor_q5": {
          "L2": 0.008394035307611774,
          "sup": 0.3198491122885955
        }
      }
    },
    {
      "regime": "P5N128",
      "N": 128,
      "n_seeds": 12,
      "variants": {
        "V1_direct": {
          "L2": 0.004128478608481519,
          "sup": 0.2710950870317152
        },
        "V2_max_path": {
          "L2": 0.0024633353770754057,
          "sup": 0.1519886856932722
        },
        "V3_geometric": {
          "L2": 0.0046384786765904734,
          "sup": 0.30853698420762193
        },
        "V4_penalty_alpha0.5": {
          "L2": 0.0029911245170430954,
          "sup": 0.19113297974036178
        },
        "V5_floor_q5": {
          "L2": 0.004128451586088484,
          "sup": 0.2710950870317152
        }
      }
    },
    {
      "regime": "P5N200",
      "N": 200,
      "n_seeds": 8,
      "variants": {
        "V1_direct": {
          "L2": 0.0038739327655872295,
          "sup": 0.30283194455439616
        },
        "V2_max_path": {
          "L2": 0.00264241671984066,
          "sup": 0.17274951380604053
        },
        "V3_geometric": {
          "L2": 0.004394988341415411,
          "sup": 0.35330751909124636
        },
        "V4_penalty_alpha0.5": {
          "L2": 0.0029276681342881063,
          "sup": 0.21901301256749078
        },
        "V5_floor_q5": {
          "L2": 0.0038738452080581574,
          "sup": 0.30283194455439616
        }
      }
    },
    {
      "regime": "P5N300",
      "N": 300,
      "n_seeds": 12,
      "variants": {
        "V1_direct": {
          "L2": 0.002468055549108524,
          "sup": 0.3032689155950305
        },
        "V2_max_path": {
          "L2": 0.0017973475560862102,
          "sup": 0.17342455343889898
        },
        "V3_geometric": {
          "L2": 0.00280163278037631,
          "sup": 0.35092293356845544
        },
        "V4_penalty_alpha0.5": {
          "L2": 0.001906004507427773,
          "sup": 0.221591581295306
        },
        "V5_floor_q5": {
          "L2": 0.0024680041100685595,
          "sup": 0.3032689155950305
        }
      }
    },
    {
      "regime": "P5N256",
      "N": 256,
      "n_seeds": 12,
      "variants": {
        "V1_direct": {
          "L2": 0.002592667118989707,
          "sup": 0.30684042738923095
        },
        "V2_max_path": {
          "L2": 0.0018009156173065582,
          "sup": 0.17554472433599919
        },
        "V3_geometric": {
          "L2": 0.0029183145535364007,
          "sup": 0.35574586949465364
        },
        "V4_penalty_alpha0.5": {
          "L2": 0.001974318013838568,
          "sup": 0.22586515884714667
        },
        "V5_floor_q5": {
          "L2": 0.0025926105147792773,
          "sup": 0.306838586037909
        }
      }
    },
    {
      "regime": "P5N512",
      "N": 512,
      "n_seeds": 12,
      "variants": {
        "V1_direct": {
          "L2": 0.0011980532922626472,
          "sup": 0.2729952987607677
        },
        "V2_max_path": {
          "L2": 0.0009362697125533181,
          "sup": 0.1470136315568655
        },
        "V3_geometric": {
          "L2": 0.001346780984201881,
          "sup": 0.3020298995392565
        },
        "V4_penalty_alpha0.5": {
          "L2": 0.0009413286388245508,
          "sup": 0.19101784772623756
        },
        "V5_floor_q5": {
          "L2": 0.0011980281158409606,
          "sup": 0.2729952987607677
        }
      }
    }
  ]
}
