{
  "method": "M3_triangle_phase_classification_SM_baryon_analog",
  "branch_metadata": {
    "causal_wave_branch": "neutral_internal",
    "regimes_used": [
      "P5N64",
      "P5N72",
      "P5N84",
      "P5N100",
      "P5N128",
      "P5N200"
    ],
    "branch_rationale": "Statistical / spectral / topology diagnostic on lattice state; no branch projection in formulas",
    "schema": "worldformula/branch_metadata/v1"
  },
  "SM_references": {
    "m_proton_MeV": 938.272,
    "m_neutron_MeV": 939.565,
    "m_Delta_pp_MeV": 1232.0,
    "m_p_over_m_n": 0.998623831241053,
    "m_Delta_over_m_p": 1.3130520787149143,
    "BBN_n_p_over_n_n_freezeout": 7.0
  },
  "rows": [
    {
      "regime": "P5N64",
      "N": 64,
      "n_seeds": 8,
      "n_triangles_total": 16000,
      "frequencies": {
        "PPP": 0.12825,
        "PPN": 0.3788125,
        "PNN": 0.361875,
        "NNN": 0.1310625,
        "ambiguous": 0.0
      },
      "mass_proxy_mean": {
        "PPP": 0.24030128620309982,
        "PPN": 0.24036546076882442,
        "PNN": 0.24067832221587726,
        "NNN": 0.2408280833747506
      },
      "Pi3_mean": {
        "PPP": 0.006418606918271263,
        "PPN": 0.008029380076818287,
        "PNN": 0.008063703656283597,
        "NNN": 0.007435569659014383
      },
      "edge_activity_mean": {
        "PPP": 0.00015144021277715676,
        "PPN": 0.00015278290623017387,
        "PNN": 0.00015400766332406273,
        "NNN": 0.00015300212808048603
      },
      "P1_BBN_n_PPN_over_PNN": 1.046804835924007,
      "P2_mass_PPN_over_PNN": 0.9987000846433847,
      "P3_mass_PPP_over_PPN": 0.9997330125321694,
      "P4_baryon_asym_3wave": -0.010845986984815618,
      "P4_baryon_asym_2wave": 0.022867268584929542
    },
    {
      "regime": "P5N72",
      "N": 72,
      "n_seeds": 8,
      "n_triangles_total": 16000,
      "frequencies": {
        "PPP": 0.123625,
        "PPN": 0.3866875,
        "PNN": 0.365125,
        "NNN": 0.1245625,
        "ambiguous": 0.0
      },
      "mass_proxy_mean": {
        "PPP": 0.2359815550297449,
        "PPN": 0.23602762287384232,
        "PNN": 0.2358213429469248,
        "NNN": 0.23574274651270866
      },
      "Pi3_mean": {
        "PPP": 0.006999373482700045,
        "PPN": 0.007052447188896559,
        "PNN": 0.007241700911604653,
        "NNN": 0.008143140318584579
      },
      "edge_activity_mean": {
        "PPP": 0.00014673019121139806,
        "PPN": 0.00014906427753630082,
        "PNN": 0.00014791103286832568,
        "NNN": 0.00015108378553967854
      },
      "P1_BBN_n_PPN_over_PNN": 1.0590551181102361,
      "P2_mass_PPN_over_PNN": 1.0008747296760325,
      "P3_mass_PPP_over_PPN": 0.9998048201158132,
      "P4_baryon_asym_3wave": -0.003777386048854193,
      "P4_baryon_asym_2wave": 0.028680688336520075
    },
    {
      "regime": "P5N84",
      "N": 84,
      "n_seeds": 8,
      "n_triangles_total": 16000,
      "frequencies": {
        "PPP": 0.1265625,
        "PPN": 0.3773125,
        "PNN": 0.3705,
        "NNN": 0.125625,
        "ambiguous": 0.0
      },
      "mass_proxy_mean": {
        "PPP": 0.23014362888652154,
        "PPN": 0.2301983537745877,
        "PNN": 0.2300692478162689,
        "NNN": 0.2302269781114254
      },
      "Pi3_mean": {
        "PPP": 0.006529942240301143,
        "PPN": 0.005933762163133753,
        "PNN": 0.006017137519677372,
        "NNN": 0.005939959570656479
      },
      "edge_activity_mean": {
        "PPP": 0.00013781293017312978,
        "PPN": 0.00013606524344797786,
        "PNN": 0.00013652318078949643,
        "NNN": 0.00013709560677972046
      },
      "P1_BBN_n_PPN_over_PNN": 1.018387314439946,
      "P2_mass_PPN_over_PNN": 1.0005611613005398,
      "P3_mass_PPP_over_PPN": 0.9997622707236223,
      "P4_baryon_asym_3wave": 0.0037174721189591076,
      "P4_baryon_asym_2wave": 0.009109903886335145
    },
    {
      "regime": "P5N100",
      "N": 100,
      "n_seeds": 8,
      "n_triangles_total": 16000,
      "frequencies": {
        "PPP": 0.120125,
        "PPN": 0.3745,
        "PNN": 0.3749375,
        "NNN": 0.1304375,
        "ambiguous": 0.0
      },
      "mass_proxy_mean": {
        "PPP": 0.22546890190932956,
        "PPN": 0.22533072268885512,
        "PNN": 0.22531086301853173,
        "NNN": 0.22534482632467728
      },
      "Pi3_mean": {
        "PPP": 0.004219300889433564,
        "PPN": 0.004645703430717792,
        "PNN": 0.00462697016259805,
        "NNN": 0.00487608891878309
      },
      "edge_activity_mean": {
        "PPP": 0.000126989574240345,
        "PPN": 0.00012808509450687366,
        "PNN": 0.00012702278834976586,
        "NNN": 0.00012888468649388377
      },
      "P1_BBN_n_PPN_over_PNN": 0.9988331388564761,
      "P2_mass_PPN_over_PNN": 1.0000881434213038,
      "P3_mass_PPP_over_PPN": 1.0006132284973197,
      "P4_baryon_asym_3wave": -0.04115739585931654,
      "P4_baryon_asym_2wave": -0.0005837711617046118
    },
    {
      "regime": "P5N128",
      "N": 128,
      "n_seeds": 4,
      "n_triangles_total": 8000,
      "frequencies": {
        "PPP": 0.122875,
        "PPN": 0.385875,
        "PNN": 0.375625,
        "NNN": 0.115625,
        "ambiguous": 0.0
      },
      "mass_proxy_mean": {
        "PPP": 0.22001652262797816,
        "PPN": 0.21986045924966832,
        "PNN": 0.21975947468705467,
        "NNN": 0.21981645473172096
      },
      "Pi3_mean": {
        "PPP": 0.0019036434151196852,
        "PPN": 0.0017015707878242842,
        "PNN": 0.001698498011034711,
        "NNN": 0.0015319243238678822
      },
      "edge_activity_mean": {
        "PPP": 0.00024754533215200816,
        "PPN": 0.0002442302012328916,
        "PNN": 0.00024323148838347646,
        "NNN": 0.00024244471713110726
      },
      "P1_BBN_n_PPN_over_PNN": 1.027287853577371,
      "P2_mass_PPN_over_PNN": 1.0004595231343607,
      "P3_mass_PPP_over_PPN": 1.0007098292200538,
      "P4_baryon_asym_3wave": 0.03039832285115304,
      "P4_baryon_asym_2wave": 0.013460275771503612
    },
    {
      "regime": "P5N200",
      "N": 200,
      "n_seeds": 4,
      "n_triangles_total": 8000,
      "frequencies": {
        "PPP": 0.13125,
        "PPN": 0.36175,
        "PNN": 0.385375,
        "NNN": 0.121625,
        "ambiguous": 0.0
      },
      "mass_proxy_mean": {
        "PPP": 0.21176961091021526,
        "PPN": 0.2117516374870987,
        "PNN": 0.2116535614621826,
        "NNN": 0.21130235558992538
      },
      "Pi3_mean": {
        "PPP": 0.002608602520818932,
        "PPN": 0.0022576018865603227,
        "PNN": 0.0021514427295252193,
        "NNN": 0.002030371565678983
      },
      "edge_activity_mean": {
        "PPP": 0.00020436773128186888,
        "PPN": 0.0002035942804433016,
        "PNN": 0.0002026774972995909,
        "NNN": 0.00020473927126620227
      },
      "P1_BBN_n_PPN_over_PNN": 0.9386960752513785,
      "P2_mass_PPN_over_PNN": 1.000463379988688,
      "P3_mass_PPP_over_PPN": 1.0000848797361375,
      "P4_baryon_asym_3wave": 0.03806228373702422,
      "P4_baryon_asym_2wave": -0.031621214656182034
    },
    {
      "regime": "P5N256",
      "N": 256,
      "n_seeds": 4,
      "n_triangles_total": 8000,
      "frequencies": {
        "PPP": 0.1255,
        "PPN": 0.376,
        "PNN": 0.381625,
        "NNN": 0.116875,
        "ambiguous": 0.0
      },
      "mass_proxy_mean": {
        "PPP": 0.20922125013436335,
        "PPN": 0.20905540591596491,
        "PNN": 0.20906975518792137,
        "NNN": 0.20902431408649005
      },
      "Pi3_mean": {
        "PPP": 0.0013687833573456174,
        "PPN": 0.0019038384098494664,
        "PNN": 0.0018025682819236535,
        "NNN": 0.002572653084497066
      },
      "edge_activity_mean": {
        "PPP": 0.00021969804387965834,
        "PPN": 0.00022584376865383024,
        "PNN": 0.00022790056273468614,
        "NNN": 0.00023421452627004065
      },
      "P1_BBN_n_PPN_over_PNN": 0.985260399606944,
      "P2_mass_PPN_over_PNN": 0.9999313661034158,