{
  "criterion": "Q2/Proposal-2: discrete Bakry-Emery Gamma_2 curvature K_x = min gen-eig(B_x, A_x) -> finite K_CD, the intrinsic CD(K,infinity) route for thm:hard_xi_continuum (A5)+(A6) => CD(K_CD,N)",
  "subsampling": {
    "max_seeds": 6,
    "max_vertices_per_seed": 48,
    "rng_seed": 20260514
  },
  "canonical_ladder": [
    [
      "P5",
      50
    ],
    [
      "P5N64",
      64
    ],
    [
      "P5N72",
      72
    ],
    [
      "P5N84",
      84
    ],
    [
      "P5N100",
      100
    ],
    [
      "P5N128",
      128
    ],
    [
      "P5N200",
      200
    ],
    [
      "P5N256",
      256
    ],
    [
      "P5N300",
      300
    ],
    [
      "P5N512",
      512
    ]
  ],
  "per_regime": [
    {
      "regime": "P5",
      "N": 50,
      "n_seeds": 6,
      "excluded_vertices": 0,
      "K_inf_per_seed": [
        0.4438871572555765,
        0.4465049020347983,
        0.4826698704390501,
        0.467123866084238,
        0.3907473168004526,
        0.4690103612591253
      ],
      "K_p1_per_seed": [
        0.45092694650782006,
        0.44894300848481994,
        0.4837454983939914,
        0.4673113458085362,
        0.40930179793997024,
        0.4778978489669257
      ],
      "K_p5_per_seed": [
        0.47187313154518207,
        0.4641129043621616,
        0.4927835432407441,
        0.47098313550152554,
        0.46210871973496426,
        0.49433237942797664
      ],
      "K_mean_per_seed": [
        0.5250815416440666,
        0.5145628942831074,
        0.5169348228354936,
        0.5187399930585609,
        0.5171442662751145,
        0.524036814896191
      ],
      "K_inf": 0.44999057897887346,
      "K_p1": 0.45635440768367724,
      "K_p5": 0.4760323023020923,
      "K_mean": 0.5194167221654223
    },
    {
      "regime": "P5N64",
      "N": 64,
      "n_seeds": 6,
      "excluded_vertices": 0,
      "K_inf_per_seed": [
        0.4148096323045102,
        0.46828378630187056,
        0.46334499553006286,
        0.4695164809855404,
        0.45263571697901517,
        0.3571953727165504
      ],
      "K_p1_per_seed": [
        0.4268442854288794,
        0.4691898547491621,
        0.4678845300972035,
        0.4724895045918782,
        0.4564603373126141,
        0.3787726146556158
      ],
      "K_p5_per_seed": [
        0.4632229792885197,
        0.4741760321172756,
        0.4809075989821687,
        0.48140732900109207,
        0.4683719710826784,
        0.4244728120278913
      ],
      "K_mean_per_seed": [
        0.5173774918681441,
        0.5616084454937885,
        0.5197740727599555,
        0.5045462575179108,
        0.514518164251626,
        0.5655979501048335
      ],
      "K_inf": 0.43763099746959155,
      "K_p1": 0.4452735211392255,
      "K_p5": 0.4654264537499377,
      "K_mean": 0.5305703969993764
    },
    {
      "regime": "P5N72",
      "N": 72,
      "n_seeds": 6,
      "excluded_vertices": 0,
      "K_inf_per_seed": [
        0.452397196515522,
        0.47559318697298275,
        0.4851900820677171,
        0.4479730426880811,
        0.46457691347880825,
        0.46564147811380163
      ],
      "K_p1_per_seed": [
        0.46178757825985256,
        0.48059027057229103,
        0.48576297330421314,
        0.4535929745660326,
        0.4667701891663446,
        0.47114415353429423
      ],
      "K_p5_per_seed": [
        0.4752225841790218,
        0.4950551146165574,
        0.4913426188223875,
        0.4762494749853385,
        0.48992991841336864,
        0.48731868860678884
      ],
      "K_mean_per_seed": [
        0.5351216147487371,
        0.5225506483543791,
        0.5295256809834953,
        0.5093454120916837,
        0.5289236144544204,
        0.5141695256090941
      ],
      "K_inf": 0.4652286499728188,
      "K_p1": 0.46994135656717134,
      "K_p5": 0.4858530666039105,
      "K_mean": 0.523272749373635
    },
    {
      "regime": "P5N84",
      "N": 84,
      "n_seeds": 6,
      "excluded_vertices": 0,
      "K_inf_per_seed": [
        0.4160604414305691,
        0.44357654776981914,
        0.4004175561081357,
        0.43198628502459446,
        0.44832074392408716,
        0.448864797329791
      ],
      "K_p1_per_seed": [
        0.43028778082493,
        0.4519775684531113,
        0.4229488106844971,
        0.44719857941899627,
        0.4554171880902026,
        0.45849842517199524
      ],
      "K_p5_per_seed": [
        0.45618010389224145,
        0.4735763827174468,
        0.48123683653046345,
        0.48259565487822864,
        0.4825603051163936,
        0.4729202376719446
      ],
      "K_mean_per_seed": [
        0.5820187196610891,
        0.5342341249158244,
        0.5330932389574747,
        0.5276582671344746,
        0.5295460236390745,
        0.5394868245556165
      ],
      "K_inf": 0.43153772859783274,
      "K_p1": 0.4443880587739555,
      "K_p5": 0.4748449201344531,
      "K_mean": 0.5410061998105923
    },
    {
      "regime": "P5N100",
      "N": 100,
      "n_seeds": 6,
      "excluded_vertices": 0,
      "K_inf_per_seed": [
        0.454218747812419,
        0.42262337054854515,
        0.44259506369186646,
        0.47011613159112886,
        0.38858987616193197,
        0.4264623963064889
      ],
      "K_p1_per_seed": [
        0.46693621061937846,
        0.42479743120771335,
        0.44776638004411445,
        0.4759467416952088,
        0.408969178355953,
        0.43715121849438526
      ],
      "K_p5_per_seed": [
        0.4868304882879223,
        0.4591494308218446,
        0.4627155600476064,
        0.4840234203625479,
        0.481393800971815,
        0.4590523634090029
      ],
      "K_mean_per_seed": [
        0.5231071127642224,
        0.5490578842334325,
        0.566854205092989,
        0.5194198674801559,
        0.5778775525755486,
        0.5462456473928153
      ],
      "K_inf": 0.43410093101873004,
      "K_p1": 0.4435945267361256,
      "K_p5": 0.47219417731678986,
      "K_mean": 0.5470937115898605
    },
    {
      "regime": "P5N128",
      "N": 128,
      "n_seeds": 6,
      "excluded_vertices": 0,
      "K_inf_per_seed": [
        0.3501393635374351,
        0.43459306989623303,
        0.3220381226925157,
        0.4044997704272363,
        0.46661535174640917,
        0.3419948006694694
      ],
      "K_p1_per_seed": [
        0.37963676449145267,
        0.43788476660395786,
        0.36286129348782425,
        0.42979148636270653,
        0.4687037326932141,
        0.38007047978963815
      ],
      "K_p5_per_seed": [
        0.46508894483682167,
        0.4543669444833334,
        0.4450603773002629,
        0.4674293834573924,
        0.47677424273771635,
        0.45133074957238895
      ],
      "K_mean_per_seed": [
        0.5534958629158092,
        0.5650756917989287,
        0.601899344928961,
        0.575878595739142,
        0.5931158699104088,
        0.559681039741633
      ],
      "K_inf": 0.38664674649488306,
      "K_p1": 0.40982475390479894,
      "K_p5": 0.460008440397986,
      "K_mean": 0.5748577341724804
    },
    {
      "regime": "P5N200",
      "N": 200,
      "n_seeds": 6,
      "excluded_vertices": 0,
      "K_inf_per_seed": [
        0.44112300424489653,
        0.4433423408803545,
        0.4580842120598983,
        0.436084314455366,
        0.45638087811950767,
        0.43333017308859184
      ],
      "K_p1_per_seed": [
        0.4426576580241886,
        0.4462850771713195,
        0.46593907035561005,
        0.4399827793249402,
        0.4626108626581255,
        0.45228743532671317
      ],
      "K_p5_per_seed": [
        0.45836846234120604,
        0.49998960385918656,
        0.4997664872126057,
        0.476370582135405,
        0.4847888585504972,
        0.4941381749134361
      ],
      "K_mean_per_seed": [
        0.5569402783804573,
        0.5558200617531941,
        0.5471432304464895,
        0.5287891158707213,
        0.541691272319759,
        0.5556425920699649
      ],