{
  "method": "clp_c_gamma_convergence_detailed",
  "n_payloads": 9,
  "C1": {
    "score": 0.7317315922195378,
    "L_inf": 0.38324058254351734,
    "monotonic_frac": 1.0,
    "fit": {
      "gap_inf": 0.38324058254351734,
      "c_2": -5018.033832499663,
      "rss": 0.002340607775191848,
      "n_points": 9
    },
    "bootstrap_L_inf": {
      "median": 0.38345725282483956,
      "CI95": [
        0.36949916548803347,
        0.3977036953078255
      ],
      "n": 2000
    },
    "losses": [
      0.3537566004265651,
      0.3703272294541244,
      0.3826812169291704,
      0.4050747733379538,
      0.4059240415209144,
      0.36241451763826765,
      0.39804814375019415,
      0.3604092831281334,
      0.37693409115949467
    ]
  },
  "C2": {
    "score": 1.0,
    "canon_min": 1.0,
    "canon_values": [
      1.0,
      1.0,
      1.0,
      1.0,
      1.0,
      1.0,
      1.0,
      1.0,
      1.0
    ]
  },
  "C3": {
    "score": 0.8321069473196635,
    "transport_range": 0.1678930526803365,
    "transport_values": [
      0.566415975298013,
      0.46402353566337906,
      0.5087799600149643,
      0.47685456785564756,
      0.4833800129087642,
      0.4530539280177373,
      0.4243319172820454,
      0.4143289932620755,
      0.3985229226176765
    ]
  },
  "C4": {
    "score": 0.8160470224189817,
    "fit": {
      "gap_inf": 0.8160470224189817,
      "c_2": -23596.00555527142,
      "rss": 0.020556249786740116,
      "n_points": 9
    },
    "bootstrap": {
      "median": 0.8212072814271392,
      "CI95": [
        0.77965557476525,
        0.8653936030599646
      ],
      "n": 2000
    },
    "fp_values": [
      0.6789301801335993,
      0.7992805600923671,
      0.7359293751538157,
      0.7715433346739949,
      0.768459861696992,
      0.8120372020823766,
      0.8547005282941008,
      0.8702195312340862,
      0.8953492096134025
    ]
  },
  "C5": {
    "score": 0.8658657961097689
  },
  "gamma_score": 0.8491502716135904,
  "status": "GAMMA_CONVERGED"
}