{
  "method": "clp_full_report",
  "n_payloads": 9,
  "dense_cell_N": [
    409,
    1539,
    2254,
    3917,
    6038,
    9379,
    14181,
    20793,
    28014
  ],
  "per_component": {
    "absorption": {
      "family": "CLP-B/B4",
      "values": [
        0.58298,
        0.54438,
        0.5083,
        0.46802,
        0.49117,
        0.5468,
        0.48291,
        0.56225,
        0.52074
      ],
      "gap_inf": 0.5143876035822765,
      "c_2": 11657.420905045223,
      "rss": 0.007839556209947003,
      "bootstrap_median": 0.5136711031911878,
      "bootstrap_CI95": [
        0.4879619239211306,
        0.5397654271596372
      ]
    },
    "locality": {
      "family": "CLP-B/B4",
      "values": [
        0.61097,
        0.57163,
        0.53816,
        0.49192,
        0.51944,
        0.57743,
        0.50523,
        0.59005,
        0.54904
      ],
      "gap_inf": 0.5416625095593433,
      "c_2": 11786.048888813752,
      "rss": 0.008712878906438242,
      "bootstrap_median": 0.5410737860303244,
      "bootstrap_CI95": [
        0.5139438572814164,
        0.5682423544204128
      ]
    },
    "density": {
      "family": "CLP-B/B4",
      "values": [
        0.70359,
        0.67224,
        0.65662,
        0.61312,
        0.62753,
        0.68399,
        0.62688,
        0.68515,
        0.65621
      ],
      "gap_inf": 0.6518106269370174,
      "c_2": 8816.352307945945,
      "rss": 0.0052142512568902006,
      "bootstrap_median": 0.6513331640468761,
      "bootstrap_CI95": [
        0.6296438688771968,
        0.6719301093754566
      ]
    },
    "spectral": {
      "family": "CLP-B/B4",
      "values": [
        0.71673,
        0.69463,
        0.68593,
        0.66301,
        0.66157,
        0.70374,
        0.66129,
        0.70598,
        0.68601
      ],
      "gap_inf": 0.6821669473195411,
      "c_2": 5882.993017089633,
      "rss": 0.0023995822082180296,
      "bootstrap_median": 0.6816618367385242,
      "bootstrap_CI95": [
        0.6673476551831015,
        0.6959328085753989
      ]
    },
    "transport": {
      "family": "CLP-A/T3",
      "values": [
        0.56642,
        0.46402,
        0.50878,
        0.47685,
        0.48338,
        0.45305,
        0.42433,
        0.41433,
        0.39852
      ],
      "gap_inf": 0.4507848056508046,
      "c_2": 19810.3219584489,
      "rss": 0.009373190408364668,
      "bootstrap_median": 0.4473718411765063,
      "bootstrap_CI95": [
        0.417722187411966,
        0.4752315292151706
      ]
    },
    "fixpoint_prox": {
      "family": "CLP-C/C4",
      "values": [
        0.67893,
        0.79928,
        0.73593,
        0.77154,
        0.76846,
        0.81204,
        0.8547,
        0.87022,
        0.89535
      ],
      "gap_inf": 0.8160470224189817,
      "c_2": -23596.00555527142,
      "rss": 0.020556249786740116,
      "bootstrap_median": 0.8212072814271392,
      "bootstrap_CI95": [
        0.77965557476525,
        0.8653936030599646
      ]
    },
    "variational": {
      "family": "CLP-C/related",
      "values": [
        0.55684,
        0.51875,
        0.50107,
        0.46491,
        0.41955,
        0.53585,
        0.47751,
        0.5127,
        0.47656
      ],
      "gap_inf": 0.48703888876257406,
      "c_2": 12006.401552393467,
      "rss": 0.009202576557642086,
      "bootstrap_median": 0.48581472223731903,
      "bootstrap_CI95": [
        0.45623084532467656,
        0.5109372715917341
      ]
    }
  },
  "family_scores": {
    "CLP-A": {
      "score": 0.8132308827439949,
      "status": "CLOSED",
      "subs": {
        "T1": 1.0,
        "T2": 0.8950966519552149,
        "T3": 0.4473718411765063,
        "T4": 1.0
      }
    },
    "CLP-B/B4": {
      "score": 0.5975069218495446,
      "subs": {
        "absorption": 0.5143876035822765,
        "locality": 0.5416625095593433,
        "density": 0.6518106269370174,
        "spectral": 0.6821669473195411
      }
    },
    "CLP-C": {
      "score": 0.8491488821496576,
      "status": "GAMMA_CONVERGED",
      "subs": {
        "C1": 0.7317315922195378,
        "C2": 1.0,
        "C3": 0.8321,
        "C4": 0.8160470224189817,
        "C5": 0.8658657961097689
      }
    }
  },
  "CLP-D": {
    "overall": 0.7377166982079135,
    "status": "CLP_PROVEN",
    "weights": {
      "A": 0.3,
      "B": 0.4,
      "C": 0.3
    }
  }
}