{
  "criterion": "Curvature-fixed-point theorem with operative closure rule",
  "theorem": "Theorem 4.10 + Corollary 4.11 of the program's proof collection",
  "R_star_lu": 79.340297,
  "R0_seed": 119.0104455,
  "n_steps": 20,
  "schemes": {
    "b = 1/2": {
      "b": 0.5,
      "n_steps": 20,
      "R_seq": [
        119.0104455,
        99.17537125000001,
        89.257834125,
        84.2990655625,
        81.81968128125001,
        80.579989140625,
        79.96014307031251,
        79.65022003515625,
        79.49525851757814,
        79.41777775878907,
        79.37903737939453,
        79.35966718969728,
        79.34998209484864,
        79.34513954742432,
        79.34271827371217,
        79.34150763685608,
        79.34090231842805,
        79.34059965921402,
        79.34044832960701,
        79.34037266480351
      ],
      "scale_deviations": [
        19.83507424999999,
        9.91753712500001,
        4.958768562499998,
        2.4793842812499918,
        1.23969214062501,
        0.6198460703124908,
        0.30992303515625963,
        0.1549615175781156,
        0.07748075878906491,
        0.03874037939453956,
        0.01937018969725557,
        0.00968509484863489,
        0.004842547424317445,
        0.0024212737121587224,
        0.0012106368560864667,
        0.0006053184280290225,
        0.0003026592140287221,
        0.00015132960700725562,
        7.566480350362781e-05
      ],
      "sum_scale_deviations": 39.67007283519649,
      "sup_norm": 119.0104455,
      "cauchy_residuals": [
        39.670148499999996,
        19.835074250000005,
        9.917537124999996,
        4.958768562499998,
        2.479384281250006,
        1.2396921406249959,
        0.619846070312505,
        0.3099230351562454,
        0.15496151757812981,
        0.07748075878906491,
        0.03874037939452535,
        0.01937018969726978,
        0.00968509484863489,
        0.004842547424317445,
        0.0024212737121587224,
        0.0012106368560722558,
        0.0006053184280432333,
        0.00030265921401451124,
        0.00015132960700725562,
        7.566480350362781e-05
      ],
      "cauchy_tail": 7.566480350362781e-05,
      "uniformly_bounded": true,
      "summable_scale_deviation": true,
      "cauchy_converges": true
    },
    "b = 1/3": {
      "b": 0.3333333333333333,
      "n_steps": 20,
      "R_seq": [
        119.0104455,
        92.56367983333334,
        83.74809127777779,
        80.80956175925927,
        79.83005191975309,
        79.5035486399177,
        79.3947142133059,
        79.35843607110198,
        79.346343357034,
        79.34231245234467,
        79.34096881744823,
        79.34052093914941,
        79.34037164638315,
        79.34032188212772,
        79.34030529404258,
        79.34029976468086,
        79.34029792156029,
        79.34029730718677,
        79.3402971023956,
        79.34029703413186
      ],
      "scale_deviations": [
        26.446765666666664,
        8.81558855555555,
        2.9385295185185214,
        0.9795098395061785,
        0.32650327983539285,
        0.10883442661179288,
        0.03627814220392622,
        0.012092714067975407,
        0.004030904689329873,
        0.001343634896443291,
        0.0004478782988144303,
        0.00014929276626673982,
        4.9764255422246606e-05,
        1.658808514548582e-05,
        5.52936171516194e-06,
        1.8431205717206467e-06,
        6.143735191699307e-07,
        2.0479117779359512e-07,
        6.826373066814995e-08
      ],
      "sum_scale_deviations": 39.67014846586814,
      "sup_norm": 119.0104455,
      "cauchy_residuals": [
        39.670148499999996,
        13.223382833333332,
        4.407794277777782,
        1.4692647592592607,
        0.48975491975308216,
        0.16325163991768932,
        0.05441721330589644,
        0.018139071101970217,
        0.006046357033994809,
        0.0020154523446649364,
        0.0006718174482216455,
        0.00022393914940721515,
        7.464638314047534e-05,
        2.488212771822873e-05,
        8.29404257274291e-06,
        2.76468085758097e-06,
        9.215602858603233e-07,
        3.071867666903927e-07,
        1.0239558889679756e-07,
        3.4131858228647616e-08
      ],
      "cauchy_tail": 3.4131858228647616e-08,
      "uniformly_bounded": true,
      "summable_scale_deviation": true,
      "cauchy_converges": true
    }
  },
  "scheme_independence": {
    "R_star_b_half": 79.34037266480351,
    "R_star_b_third": 79.34029703413186,
    "diff": 7.563067164539916e-05,
    "passes": true
  },
  "all_four_conditions_pass": true
}