{
  "method": "per_component_symanzik_fit_floor_decomposition",
  "branch_metadata": {
    "causal_wave_branch": "matter",
    "branch_rationale": "Emergent-GR matter-source repository default fallback",
    "schema": "worldformula/branch_metadata/v1"
  },
  "schema_version": "1.0.0",
  "fits": {
    "R_time_med": {
      "d_inf": 0.03474957889822632,
      "c_2": -136.8883123083442,
      "c_4": 280401.5236767689,
      "R_squared": 0.5169536427807122,
      "predicted_at_N_1000": 0.03461297098744165
    },
    "R_trace_med": {
      "d_inf": 0.00448582035688799,
      "c_2": 19.303557395046397,
      "c_4": -28406.994610815836,
      "R_squared": 0.7020978391011106,
      "predicted_at_N_1000": 0.004505095507288426
    },
    "R_TF_med": {
      "d_inf": -0.00579593766090677,
      "c_2": 137.57461227410636,
      "c_4": -290919.66252282175,
      "R_squared": 0.6497195999891945,
      "predicted_at_N_1000": -0.0056586539682951876
    },
    "R_off_med": {
      "d_inf": 0.001052921807403256,
      "c_2": 23.155439998756112,
      "c_4": -17027.719951898987,
      "R_squared": 0.9023737672220355,
      "predicted_at_N_1000": 0.0010760602196820603
    },
    "R_time_mean": {
      "d_inf": 0.017948208463922945,
      "c_2": 221.06145445230206,
      "c_4": -545179.4735812567,
      "R_squared": 0.04978137042932429,
      "predicted_at_N_1000": 0.018168724738901666
    },
    "R_trace_mean": {
      "d_inf": -0.012336159133854739,
      "c_2": 335.07145775984793,
      "c_4": -766783.9231923523,
      "R_squared": 0.24049239249779797,
      "predicted_at_N_1000": -0.012001854460018084
    },
    "R_TF_mean": {
      "d_inf": -0.08820047571008438,
      "c_2": 1814.7939824453242,
      "c_4": -4145047.279522516,
      "R_squared": 0.24946048823590683,
      "predicted_at_N_1000": -0.08638982677491858
    },
    "R_off_mean": {
      "d_inf": 0.00017303348597095248,
      "c_2": 41.94478162477455,
      "c_4": -56972.5279912838,
      "R_squared": 0.858863761291514,
      "predicted_at_N_1000": 0.00021492129506773576
    }
  },
  "assembled_floor": {
    "median": 0.03609158522603976,
    "mean": 0.0925096454952901
  },
  "median_bottleneck": "R_time_med",
  "mean_bottleneck": "R_TF_mean"
}
