{
  "title": "Skeleton eigenvector-mode audit for (SG) closure",
  "anchor": {
    "d": 4,
    "N_gen": 3,
    "tau_skeleton": 0.1
  },
  "cartesian_product_targets": {
    "g_d_inv_d": 0.25,
    "g_N_inv_N_gen": 0.3333333333333333,
    "skel_lambda_2_target_7_24": 0.29166666666666663,
    "skel_lambda_3_target_1_3": 0.3333333333333333,
    "ratio_l3_l2_target_8_7": 1.142857142857143
  },
  "per_regime": [
    {
      "regime": "P5N128",
      "N": 128,
      "n_seeds": 6,
      "agg": {
        "eigs_w": {
          "mean": [
            0.38990043822603954,
            0.4224118495979121,
            0.44840518648248495,
            0.4746375215208784,
            0.4948299262932125,
            0.5099884778111045
          ],
          "std": [
            0.007893442061660816,
            0.009926061934433976,
            0.013065917098522912,
            0.008140587144139,
            0.0104552027708383,
            0.010709444996135844
          ]
        },
        "eigs_s": {
          "mean": [
            0.31790484263681784,
            0.34732022569309023,
            0.37957856095515446,
            0.3983879514059328,
            0.4200475075858299,
            0.4387532148168362
          ],
          "std": [
            0.02107827310912125,
            0.02012504261797726,
            0.028069834833851618,
            0.03318420013311784,
            0.028854967429986507,
            0.031687730598556785
          ]
        },
        "ratios_w": {
          "mean": [
            1.0,
            1.0837169542842544,
            1.150262561060426,
            1.217552225676878,
            1.269308864654606,
            1.3081487778024974
          ],
          "std": [
            0.0,
            0.03206045040147603,
            0.03390040165314556,
            0.021759005290473723,
            0.025221821936513244,
            0.02290951955117504
          ]
        },
        "ratios_s": {
          "mean": [
            1.0,
            1.0935709429395615,
            1.1937935689582349,
            1.252193729208886,
            1.3215887826975095,
            1.380920020240796
          ],
          "std": [
            0.0,
            0.03838935042642012,
            0.035459858150265235,
            0.03271645925427537,
            0.04089634814750108,
            0.06770030982949404
          ]
        },
        "pr_w": {
          "mean": [
            0.3580502413648831,
            0.40773697299007855,
            0.35132688559632813,
            0.34221323414180466,
            0.3459129342469714,
            0.34460521754394646
          ],
          "std": [
            0.07092856584234392,
            0.04698039783877029,
            0.07698433718675823,
            0.07390545182547431,
            0.056784423683756434,
            0.06719158695050989
          ]
        },
        "pr_s": {
          "mean": [
            0.4310073639245365,
            0.4088853380236653,
            0.34638699397943373,
            0.38602864923567903,
            0.36139176077731894,
            0.38074316650603324
          ],
          "std": [
            0.06210182722023771,
            0.0567950533743919,
            0.11979462883645613,
            0.06486825839402224,
            0.08620356067117192,
            0.06668748996423514
          ]
        },
        "rho_w_lambda2_vs_deg": {
          "mean": 0.04953810439917794,
          "std": 0.11626138179837348
        },
        "rho_w_lambda2_vs_tri": {
          "mean": 0.031795584611366216,
          "std": 0.12587449220847952
        }
      }
    },
    {
      "regime": "P5N200",
      "N": 200,
      "n_seeds": 6,
      "agg": {
        "eigs_w": {
          "mean": [
            0.41773196843931504,
            0.4324713603818637,
            0.4498095383329974,
            0.4684911487811116,
            0.4772180131972706,
            0.4986136469034755
          ],
          "std": [
            0.010059504820285498,
            0.004884840605107979,
            0.010342133107578616,
            0.013955982684682807,
            0.013217425664816781,
            0.007911704329124605
          ]
        },
        "eigs_s": {
          "mean": [
            0.3688694838127485,
            0.38775019322159593,
            0.40697278756643435,
            0.42399329950119896,
            0.43961665588252763,
            0.4533752082415065
          ],
          "std": [
            0.02376172596667294,
            0.024282557404558425,
            0.029030930164239577,
            0.026764779258176975,
            0.029055568669437648,
            0.025145693202604694
          ]
        },
        "ratios_w": {
          "mean": [
            1.0,
            1.035810252170002,
            1.0769815383617463,
            1.1216911816171624,
            1.1425800734153821,
            1.194066914643367
          ],
          "std": [
            0.0,
            0.02874002405277275,
            0.02089464467943606,
            0.028957161654903033,
            0.026610729829770835,
            0.028298547753828836
          ]
        },
        "ratios_s": {
          "mean": [
            1.0,
            1.0514988307229125,
            1.103646159015074,
            1.1497860627892875,
            1.1918003221517381,
            1.2298125271684004
          ],
          "std": [
            0.0,
            0.02351198515611252,
            0.042797068359978575,
            0.026831715647122636,
            0.01831554287295607,
            0.02158553436331951
          ]
        },
        "pr_w": {
          "mean": [
            0.3334199379090372,
            0.3506096721240579,
            0.3394948587340623,
            0.34044773692198244,
            0.35588414613547287,
            0.35220459433519785
          ],
          "std": [
            0.044908949267425356,
            0.08601107261248249,
            0.07507012383361433,
            0.034765137306370264,
            0.02856145175874653,
            0.0745409147161732
          ]
        },
        "pr_s": {
          "mean": [
            0.3460845787377083,
            0.36682237379612254,
            0.3734758978472259,
            0.3713432863695821,
            0.3704125910778307,
            0.390563840190898
          ],
          "std": [
            0.05666089855729381,
            0.061708749337960986,
            0.0605056745023036,
            0.026746774242969878,
            0.041922031139196035,
            0.04762270751913447
          ]
        },
        "rho_w_lambda2_vs_deg": {
          "mean": -0.03321954648441582,
          "std": 0.19113185994658724
        },
        "rho_w_lambda2_vs_tri": {
          "mean": -0.04532094405356766,
          "std": 0.1799240411880636
        }
      }
    },
    {
      "regime": "P5N256",
      "N": 256,
      "n_seeds": 6,
      "agg": {
        "eigs_w": {
          "mean": [
            0.4076782207433165,
            0.4257757149280805,
            0.4401358374348021,
            0.450603394456853,
            0.4580570201090787,
            0.47380426038480744
          ],
          "std": [
            0.01320597630118609,
            0.011848134840352586,
            0.0070883656195633036,
            0.008269267620186108,
            0.010974355383044655,
            0.004489461258791824
          ]
        },
        "eigs_s": {
          "mean": [
            0.342113808022607,
            0.3661557127628418,
            0.3835936467142545,
            0.3938986830067557,
            0.40887210174192834,
            0.4189748978661994
          ],
          "std": [
            0.01928627457000314,
            0.022266132628970123,
            0.028245134065803413,
            0.03067307138692793,
            0.02842049991781752,
            0.02969587304885489
          ]
        },