{
  "branch_metadata": {
    "causal_wave_branch": "matter",
    "branch_rationale": "Emergent-GR matter-source repository default fallback",
    "schema": "worldformula/branch_metadata/v1"
  },
  "test_7": {
    "test": "kappa_t_invariance_under_KQ_perturbation",
    "canonical_kappa": {
      "mean": 0.9679721092307232,
      "std": 0.0169414506472958,
      "n": 11
    },
    "perturbed_kappa": {
      "mean": 0.9870109830025536,
      "std": 1.6537493649382284e-05,
      "n": 2
    },
    "absolute_difference": 0.019038873771830445,
    "z_distance": 1.1238042224482965,
    "verdict": "kappa_t is INVARIANT under K/Q perturbation. The ratio Lambda_t/T_00 = 0.987 survives effective perturbed-IC, supporting a feedback-attractor reading of kappa_t."
  },
  "test_8": {
    "test": "ir_uv_spectral_decomposition_sound_wave_analogy",
    "per_regime": [
      {
        "regime": "P0",
        "N": 18,
        "uv_mean": [
          0.3437314109392756,
          0.15276541602737698,
          0.1052357767696289
        ],
        "ir_mean": [
          0.0029257803144012258,
          0.00151464212650157,
          0.00016276935531540928
        ],
        "mid_mean": [
          0.033940869588147404,
          0.028450042014230556,
          0.024019395204663303
        ],
        "uv_norm": 0.2005775345787605,
        "ir_norm": 0.0015343972654060683,
        "mid_norm": 0.028803435602347088
      },
      {
        "regime": "P1",
        "N": 28,
        "uv_mean": [
          0.3580821065853562,
          0.12462980553990027,
          0.08737140940810793
        ],
        "ir_mean": [
          0.0011045613987073404,
          0.0005960716052760366,
          0.00014924086528293553
        ],
        "mid_mean": [
          0.01765060834472994,
          0.016762413931560045,
          0.01527751517618299
        ],
        "uv_norm": 0.19002777384445482,
        "ir_norm": 0.0006166246230887709,
        "mid_norm": 0.016563512484157657
      },
      {
        "regime": "P2prime",
        "N": 30,
        "uv_mean": [
          0.4423587001850956,
          0.09947098569142465,
          0.06690576548130296
        ],
        "ir_mean": [
          0.000991254082215581,
          0.00030950651332086664,
          5.025124352083404e-05
        ],
        "mid_mean": [
          0.014786504755781358,
          0.01382125322613668,
          0.012461249050071677
        ],
        "uv_norm": 0.2029118171192744,
        "ir_norm": 0.0004503372796857606,
        "mid_norm": 0.013689669010663237
      },
      {
        "regime": "P3",
        "N": 36,
        "uv_mean": [
          0.4671252210792102,
          0.08147374324914268,
          0.0586596816614805
        ],
        "ir_mean": [
          0.0003586448664573836,
          0.0001276884485878891,
          1.1130651377247913e-05
        ],
        "mid_mean": [
          0.011437960420906928,
          0.010636277592061582,
          0.00962363068989721
        ],
        "uv_norm": 0.2024195486632778,
        "ir_norm": 0.00016582132214084018,
        "mid_norm": 0.010565956234288574
      },
      {
        "regime": "P4",
        "N": 42,
        "uv_mean": [
          0.3812582149333039,
          0.09524935505205614,
          0.07149196149322368
        ],
        "ir_mean": [
          0.00023969388315417633,
          0.00011992034032880286,
          2.7684357525808737e-05
        ],
        "mid_mean": [
          0.010770781224469186,
          0.010379177179023608,
          0.009434517884525363
        ],
        "uv_norm": 0.18266651049286128,
        "ir_norm": 0.0001290995270029293,
        "mid_norm": 0.010194825429339386
      },
      {
        "regime": "P5",
        "N": 50,
        "uv_mean": [
          0.36026961377993827,
          0.08264456659885372,
          0.06666419984536853
        ],
        "ir_mean": [
          0.00015480450370996244,
          6.224455387780554e-05,
          9.92230946561891e-06
        ],
        "mid_mean": [
          0.009040115945626266,
          0.008301077147857484,
          0.007922221537829816
        ],
        "uv_norm": 0.1698594600747202,
        "ir_norm": 7.565712235112897e-05,
        "mid_norm": 0.008421138210437855
      },
      {
        "regime": "P6",
        "N": 60,
        "uv_mean": [
          0.2654555028817459,
          0.08083088473445793,
          0.06633527091849488
        ],
        "ir_mean": [
          6.947758377315418e-05,
          3.397124829476148e-05,
          2.866298534713713e-06
        ],
        "mid_mean": [
          0.008533884919613889,
          0.008395033314463795,
          0.007892084959038197
        ],
        "uv_norm": 0.13754055284489958,
        "ir_norm": 3.5438376867543115e-05,
        "mid_norm": 0.008273667731038627
      },
      {
        "regime": "P7",
        "N": 72,
        "uv_mean": [
          0.24628261166716503,
          0.07549123489680179,
          0.056524294933190236
        ],
        "ir_mean": [
          7.49121695704014e-05,
          2.139888787229576e-05,
          9.538688809455655e-06
        ],
        "mid_mean": [
          0.006750364007048712,
          0.00638463996902569,
          0.006136455469824668
        ],
        "uv_norm": 0.12609938049905234,
        "ir_norm": 3.52832487507176e-05,
        "mid_norm": 0.0064238198152996905
      },
      {
        "regime": "P8",
        "N": 84,
        "uv_mean": [
          0.19745662781668866,
          0.06702845622174933,
          0.0528559535253903
        ],
        "ir_mean": [
          2.528421294268462e-05,
          1.3098647275172894e-05,
          4.123690003309972e-06
        ],
        "mid_mean": [
          0.006475238784538966,
          0.006298599591273239,
          0.006121273629422326
        ],
        "uv_norm": 0.10578034585460942,
        "ir_norm": 1.4168850073722492e-05,
        "mid_norm": 0.00629837066841151
      }
    ],
    "ir_mean_across_regimes": 0.0003396475128186091,
    "uv_mean_across_regimes": 0.16865365821910117,
    "mid_mean_across_regimes": 0.012137155020664847,
    "CV_IR": 1.3710786133232575,
    "CV_MID": 0.5502914473103582,
    "CV_UV": 0.2046304692510668,
    "ratio_CV_IR_over_CV_UV": 6.700266183923193,
    "alpha_xi_correlation": {
      "pearson_r_alpha_vs_UV": 0.6141995114916963,
      "pearson_r_alpha_vs_IR": 0.7276401938998128
    },
    "verdict_ir_stability": "IR-band NOT more stable than UV (CV_IR/CV_UV = 6.70). Sound-wave prediction NOT supported on Xi-Gram spectrum.",
    "verdict_correlation": "alpha_xi_eff drift correlates similarly with both bands -> ambiguous."
  }
}
