{
  "method": "full_ladder_per_component_symanzik_decomposition",
  "branch_metadata": {
    "causal_wave_branch": "matter",
    "branch_rationale": "Emergent-GR matter-source repository default fallback",
    "schema": "worldformula/branch_metadata/v1"
  },
  "schema_version": "1.0.0",
  "regimes_loaded": [
    "P0",
    "P1",
    "P2prime",
    "P3",
    "P4",
    "P5",
    "P6",
    "P5N64",
    "P7",
    "P8",
    "P5N100"
  ],
  "n_total_points": 11,
  "fits_2_4_per_cut": {
    "R_time_median_abs_all": {
      "d_inf": 0.018929493233720115,
      "c_2": 4.003114955820287,
      "c_4": 2377.9189300336066,
      "R_squared": 0.897595560572401,
      "predicted_at_N_1000": 0.018933498726594868
    },
    "R_trace_median_abs_all": {
      "d_inf": 0.0059168059084790964,
      "c_2": 5.814412130813558,
      "c_4": 1782.2862496491102,
      "R_squared": 0.9834865630794332,
      "predicted_at_N_1000": 0.00592262210289616
    },
    "R_TF_norm_median_abs_all": {
      "d_inf": -0.010753759755924769,
      "c_2": 93.88562154613528,
      "c_4": -3199.406244667726,
      "R_squared": 0.9658948605854129,
      "predicted_at_N_1000": -0.010659877333784878
    },
    "R_off_median_abs_all": {
      "d_inf": 0.0013721221940116814,
      "c_2": 18.260196396248862,
      "c_4": -3203.624086656971,
      "R_squared": 0.9800977827927153,
      "predicted_at_N_1000": 0.0013903791867838436
    },
    "R_time_mean_abs_all": {
      "d_inf": 0.017952307940887983,
      "c_2": 93.40454799129967,
      "c_4": 80746.73097133916,
      "R_squared": 0.9567638932593562,
      "predicted_at_N_1000": 0.018045793235610254
    },
    "R_trace_mean_abs_all": {
      "d_inf": -0.0007850924722673152,
      "c_2": 105.78047350711796,
      "c_4": 36548.97503612767,
      "R_squared": 0.9451776620628493,
      "predicted_at_N_1000": -0.0006792754497851612
    },
    "R_TF_norm_mean_abs_all": {
      "d_inf": -0.030534579679002527,
      "c_2": 608.2547873576868,
      "c_4": 138469.8253476077,
      "R_squared": 0.9417107187439844,
      "predicted_at_N_1000": -0.02992618642181949
    },
    "R_off_mean_abs_all": {
      "d_inf": 0.0055839636059001815,
      "c_2": 1.3538594726696154,
      "c_4": 17176.50557134298,
      "R_squared": 0.9886603265205451,
      "predicted_at_N_1000": 0.005585334641878422
    },
    "R_time_median_abs_N>=28": {
      "d_inf": 0.02318308599054412,
      "c_2": -18.153076254820228,
      "c_4": 19389.96800534259,
      "R_squared": 0.6656994969159469,
      "predicted_at_N_1000": 0.023164952304257306
    },
    "R_trace_median_abs_N>=28": {
      "d_inf": 0.004843475718816283,
      "c_2": 11.405193917824592,
      "c_4": -2510.448599303555,
      "R_squared": 0.878375625745641,
      "predicted_at_N_1000": 0.004854878402285509
    },
    "R_TF_norm_median_abs_N>=28": {
      "d_inf": 0.0032139671496697894,
      "c_2": 21.13027194144412,
      "c_4": 52663.87667247264,
      "R_squared": 0.9028112075913546,
      "predicted_at_N_1000": 0.003235150085487906
    },
    "R_off_median_abs_N>=28": {
      "d_inf": 0.0026156454925650202,
      "c_2": 11.78290965236163,
      "c_4": 1769.7902928388335,
      "R_squared": 0.9732018956017181,
      "predicted_at_N_1000": 0.002627430172007675
    },
    "R_time_mean_abs_N>=28": {
      "d_inf": -0.01659228736725892,
      "c_2": 273.3410634723043,
      "c_4": -57412.79305068007,
      "R_squared": 0.6057451324968365,
      "predicted_at_N_1000": -0.016319003716579666
    },
    "R_trace_mean_abs_N>=28": {
      "d_inf": -0.024047054229116068,
      "c_2": 226.94780241756595,
      "c_4": -56486.173746967324,
      "R_squared": 0.6396978431132754,
      "predicted_at_N_1000": -0.02382016291287225
    },
    "R_TF_norm_mean_abs_N>=28": {
      "d_inf": -0.1319310054467034,
      "c_2": 1136.4103315786397,
      "c_4": -267060.52742206474,
      "R_squared": 0.6612531859520516,
      "predicted_at_N_1000": -0.13079486217565217
    },
    "R_off_mean_abs_N>=28": {
      "d_inf": -0.0011059076261640084,
      "c_2": 36.200182255645956,
      "c_4": -9579.327488689227,
      "R_squared": 0.8295338641540487,
      "predicted_at_N_1000": -0.0010697170232358512
    },
    "R_time_median_abs_N>=42": {
      "d_inf": 0.024336759723099195,
      "c_2": -26.973069582305897,
      "c_4": 33052.62674228001,
      "R_squared": 0.12889603187110987,
      "predicted_at_N_1000": 0.024309819706143633
    },
    "R_trace_median_abs_N>=42": {
      "d_inf": 0.00442869612525051,
      "c_2": 17.734470892627403,
      "c_4": -17918.16416544025,
      "R_squared": 0.8509671055125164,
      "predicted_at_N_1000": 0.004446412677978972
    },
    "R_TF_norm_median_abs_N>=42": {
      "d_inf": -0.0071589275133986715,
      "c_2": 106.79851940156324,
      "c_4": -76989.98313234965,
      "R_squared": 0.721926036722971,
      "predicted_at_N_1000": -0.007052205983980241
    },
    "R_off_median_abs_N>=42": {
      "d_inf": 0.000600135503956772,
      "c_2": 25.52358385025094,
      "c_4": -14632.575754432564,
      "R_squared": 0.9651764920245428,
      "predicted_at_N_1000": 0.0006256444552312685
    },
    "R_time_mean_abs_N>=42": {
      "d_inf": 0.016344394977571546,
      "c_2": 163.19743269080462,
      "c_4": -175378.2814453543,
      "R_squared": 0.3327235962895003,
      "predicted_at_N_1000": 0.016507417031980904
    },
    "R_trace_mean_abs_N>=42": {
      "d_inf": -0.003735286965031644,
      "c_2": 174.48342748788622,
      "c_4": -181814.7265084931,
      "R_squared": 0.523679108907871,
      "predicted_at_N_1000": -0.0035609853522702664
    },
    "R_TF_norm_mean_abs_N>=42": {
      "d_inf": -0.044352884181333374,
      "c_2": 963.5598750611463,
      "c_4": -985334.7018848637,
      "R_squared": 0.5403821917327065,
      "predicted_at_N_1000": -0.043390309640974116
    },
    "R_off_mean_abs_N>=42": {
      "d_inf": 0.000795032204442811,
      "c_2": 32.114268206277345,
      "c_4": -24392.047101252796,
      "R_squared": 0.9552200618365306,
      "predicted_at_N_1000": 0.0008271220806019871
    },
    "R_time_median_abs_N>=60": {
      "d_inf": 0.03474957889822632,
      "c_2": -136.8883123083442,
      "c_4": 280401.5236767689,
      "R_squared": 0.5169536427807122,
      "predicted_at_N_1000": 0.03461297098744165
    },
    "R_trace_median_abs_N>=60": {
      "d_inf": 0.00448582035688799,
      "c_2": 19.303557395046397,
      "c_4": -28406.994610815836,
      "R_squared": 0.7020978391011106,
      "predicted_at_N_1000": 0.004505095507288426
    },
    "R_TF_norm_median_abs_N>=60": {
      "d_inf": -0.00579593766090677,
      "c_2": 137.57461227410636,
      "c_4": -290919.66252282175,
      "R_squared": 0.6497195999891945,
      "predicted_at_N_1000": -0.0056586539682951876
    },
    "R_off_median_abs_N>=60": {
      "d_inf": 0.001052921807403256,
      "c_2": 23.155439998756112,
      "c_4": -17027.719951898987,
      "R_squared": 0.9023737672220355,
      "predicted_at_N_1000": 0.0010760602196820603
    },
    "R_time_mean_abs_N>=60": {
      "d_inf": 0.017948208463922945,
      "c_2": 221.06145445230206,
      "c_4": -545179.4735812567,
      "R_squared": 0.04978137042932429,
      "predicted_at_N_1000": 0.018168724738901666
    },
    "R_trace_mean_abs_N>=60": {
      "d_inf": -0.012336159133854739,
      "c_2": 335.07145775984793,
      "c_4": -766783.9231923523,
      "R_squared": 0.24049239249779797,
      "predicted_at_N_1000": -0.012001854460018084
    },
    "R_TF_norm_mean_abs_N>=60": {
      "d_inf": -0.08820047571008438,
      "c_2": 1814.7939824453242,
      "c_4": -4145047.279522516,
      "R_squared": 0.24946048823590683,
      "predicted_at_N_1000": -0.08638982677491858
    },
    "R_off_mean_abs_N>=60": {
      "d_inf": 0.00017303348597095248,
      "c_2": 41.94478162477455,
      "c_4": -56972.5279912838,
      "R_squared": 0.858863761291514,
      "predicted_at_N_1000": 0.00021492129506773576
    }
  },
  "fits_2_only_all_N": {
    "R_time_median_abs": {
      "d_inf": 0.01643791312926551,