{
  "branch_metadata": {
    "causal_wave_branch": "matter",
    "branch_rationale": "Matter-localisation / matter-core diagnostic; directly measures post-flip matter-side localization",
    "schema": "worldformula/branch_metadata/v1"
  },
  "ladder": [
    {
      "n_lat": 50,
      "n_nodes": 1400,
      "G_med": 0.023806761846110806,
      "T_med": 0.8488968013834118,
      "G_mean": 0.026537370498221427,
      "T_mean": 0.8977625988526471,
      "G_core_med": 0.04580404027832888,
      "T_core_med": 1.1758648180430882,
      "G_back_med": 0.022674751194757117,
      "T_back_med": 0.8459274425379091,
      "r_pearson": 0.14501190409482503,
      "r_spearman": 0.6774532304790535,
      "slope_G_vs_T": 0.012069570758801782,
      "intercept_G_vs_T": 0.015701761286763632,
      "G_core_minus_G_back": 0.02312928908357176,
      "T_core_minus_T_back": 0.3299373755051791,
      "local_epsilon_core_vs_back": 0.07010205815014946
    },
    {
      "n_lat": 64,
      "n_nodes": 1536,
      "G_med": 0.015713235453152858,
      "T_med": 0.8411979090676449,
      "G_mean": 0.01904263210763612,
      "T_mean": 0.8738857453905019,
      "G_core_med": 0.041602465480277157,
      "T_core_med": 1.0727090907977779,
      "G_back_med": 0.014959089111894232,
      "T_back_med": 0.837339448185032,
      "r_pearson": 0.11018691896817312,
      "r_spearman": 0.6723997793832479,
      "slope_G_vs_T": 0.009747190215591403,
      "intercept_G_vs_T": 0.01052470152062101,
      "G_core_minus_G_back": 0.026643376368382925,
      "T_core_minus_T_back": 0.23536964261274584,
      "local_epsilon_core_vs_back": 0.1131980151417374
    },
    {
      "n_lat": 100,
      "n_nodes": 2400,
      "G_med": 0.008515007028232987,
      "T_med": 0.8341355288018872,
      "G_mean": 0.011114708862051034,
      "T_mean": 0.8429039778492785,
      "G_core_med": 0.025319791860651884,
      "T_core_med": 0.9150650766442725,
      "G_back_med": 0.008013075077858303,
      "T_back_med": 0.8309538254385873,
      "r_pearson": 0.6693255590766007,
      "r_spearman": 0.5968934925162314,
      "slope_G_vs_T": 0.08838270951730505,
      "intercept_G_vs_T": -0.06338342856318267,
      "G_core_minus_G_back": 0.01730671678279358,
      "T_core_minus_T_back": 0.08411125120568519,
      "local_epsilon_core_vs_back": 0.20575983039976223
    },
    {
      "n_lat": 128,
      "n_nodes": 1536,
      "G_med": 0.0048781233430370205,
      "T_med": 0.7990239314626303,
      "G_mean": 0.005836437819897718,
      "T_mean": 0.7980076524378026,
      "G_core_med": 0.008689738193980966,
      "T_core_med": 0.8435310881018481,
      "G_back_med": 0.004569717173781794,
      "T_back_med": 0.7951215053335958,
      "r_pearson": 0.5537582127211932,
      "r_spearman": 0.4851115150394504,
      "slope_G_vs_T": 0.07843126111137472,
      "intercept_G_vs_T": -0.05675230873732673,
      "G_core_minus_G_back": 0.004120021020199172,
      "T_core_minus_T_back": 0.048409582768252246,
      "local_epsilon_core_vs_back": 0.08510755070793846
    },
    {
      "n_lat": 200,
      "n_nodes": 1600,
      "G_med": 0.0036233916486275468,
      "T_med": 0.8233458514384056,
      "G_mean": 0.004654256363209066,
      "T_mean": 0.8234158163042429,
      "G_core_med": 0.008391967820525505,
      "T_core_med": 0.8576289719350738,
      "G_back_med": 0.0034658164479305304,
      "T_back_med": 0.8209596413799813,
      "r_pearson": 0.5961053936083466,
      "r_spearman": 0.4223742431149387,
      "slope_G_vs_T": 0.08786425047845346,
      "intercept_G_vs_T": -0.06769455716846708,
      "G_core_minus_G_back": 0.004926151372594975,
      "T_core_minus_T_back": 0.03666933055509247,
      "local_epsilon_core_vs_back": 0.13433982289897173
    },
    {
      "n_lat": 300,
      "n_nodes": 3600,
      "G_med": 0.0022613070206049827,
      "T_med": 0.8196713618630731,
      "G_mean": 0.0027504138309112974,
      "T_mean": 0.8177094082778326,
      "G_core_med": 0.0037351835468453524,
      "T_core_med": 0.8519382578565953,
      "G_back_med": 0.0021762550978553404,
      "T_back_med": 0.8171359156867136,
      "r_pearson": 0.4413448485210238,
      "r_spearman": 0.41886131138333166,
      "slope_G_vs_T": 0.03987982955211251,
      "intercept_G_vs_T": -0.029859697994367437,
      "G_core_minus_G_back": 0.001558928448990012,
      "T_core_minus_T_back": 0.03480234216988165,
      "local_epsilon_core_vs_back": 0.04479377972265116
    },
    {
      "n_lat": 256,
      "n_nodes": 3072,
      "G_med": 0.002493352658435863,
      "T_med": 0.8146221504988338,
      "G_mean": 0.0031091286237661052,
      "T_mean": 0.8117764591355264,
      "G_core_med": 0.004854999042442148,
      "T_core_med": 0.8500815838414064,
      "G_back_med": 0.002386390118368141,
      "T_back_med": 0.8115427831733382,
      "r_pearson": 0.5117304763560555,
      "r_spearman": 0.438300522336088,
      "slope_G_vs_T": 0.046845432174815814,
      "intercept_G_vs_T": -0.034918890433779305,
      "G_core_minus_G_back": 0.002468608924074007,
      "T_core_minus_T_back": 0.03853880066806825,
      "local_epsilon_core_vs_back": 0.06405515691409153
    },
    {
      "n_lat": 512,
      "n_nodes": 6144,
      "G_med": 0.0011346291960933103,
      "T_med": 0.8077922373924464,
      "G_mean": 0.0013840085853305997,
      "T_mean": 0.8044928047984677,
      "G_core_med": 0.0017436276348999904,
      "T_core_med": 0.8448853736033062,
      "G_back_med": 0.0010889863003065844,
      "T_back_med": 0.8043827352463978,
      "r_pearson": 0.3864832834636797,
      "r_spearman": 0.39275218976294834,
      "slope_G_vs_T": 0.016229511327989915,
      "intercept_G_vs_T": -0.011672516503432501,
      "G_core_minus_G_back": 0.000654641334593406,
      "T_core_minus_T_back": 0.04050263835690837,
      "local_epsilon_core_vs_back": 0.016162930642313243
    }
  ],
  "mean_local_epsilon": 0.0916898930722019,
  "mean_per_node_slope": 0.04743121939205558,
  "mean_pearson_r": 0.4267433246012372,
  "verdict": "eps = +0.0917: substantial matter-coupled response, intermediate between zero and Einstein-strength."
}
