{
  "branch_metadata": {
    "causal_wave_branch": "neutral_internal",
    "regimes_used": [
      "P0",
      "P1",
      "P2prime",
      "P3",
      "P4",
      "P5",
      "P6",
      "P7",
      "P8"
    ],
    "branch_rationale": "Internal structural / framework-internal diagnostic; branch-blind algebraic or seed-level test",
    "schema": "worldformula/branch_metadata/v1"
  },
  "schema_version": "1.0.0",
  "title": "GPU per-node 4x4 Galerkin Frobenius residual on D1 ladder under anisotropic Lambda ansatz",
  "backend": "cupy",
  "Lambda_t": 1.3333333333333333,
  "Lambda_s": -0.37,
  "schwarzschild_unit_test": {
    "test": "Near-uniform Xi (R_bar~0.69), psi=0, Lambda=0",
    "frob_per_node_mean": 0.6195800381210942,
    "frob_per_node_max": 0.6195800381210942,
    "expected_frob": 0.6931471805599453,
    "pass": true
  },
  "per_regime": {
    "P0": {
      "regime": "P0",
      "N": 18,
      "n_seeds": 4,
      "per_seed": [
        {
          "r_bar_mean": 0.09130849691198765,
          "t00_mean": 1.8217323827218803,
          "t_ii_trace_mean": -3.5638270891780737,
          "frob_per_node_mean": 6.349029819984026,
          "frob_per_node_std": 8.509354487446968,
          "frob_per_node_max": 36.716747140670485,
          "frob_per_node_min": 1.1058915672600045,
          "seed": 0,
          "r_bar_bundled": 0.09130849691198765
        },
        {
          "r_bar_mean": 0.06578190411502838,
          "t00_mean": 0.41161395148502483,
          "t_ii_trace_mean": -0.14435162350235556,
          "frob_per_node_mean": 1.2021697169489673,
          "frob_per_node_std": 0.04269401025981463,
          "frob_per_node_max": 1.2919241994011377,
          "frob_per_node_min": 1.099157879357228,
          "seed": 1,
          "r_bar_bundled": 0.06578190411502838
        },
        {
          "r_bar_mean": 0.07773686990506042,
          "t00_mean": 1.3141934795570078,
          "t_ii_trace_mean": -2.4087015497594177,
          "frob_per_node_mean": 4.642654014269711,
          "frob_per_node_std": 4.9587948860806765,
          "frob_per_node_max": 14.170405591192237,
          "frob_per_node_min": 1.1182275942559021,
          "seed": 2,
          "r_bar_bundled": 0.07773686990506042
        },
        {
          "r_bar_mean": 0.05290121139735829,
          "t00_mean": 0.5471579920206194,
          "t_ii_trace_mean": -0.4146737832557086,
          "frob_per_node_mean": 1.526497318283384,
          "frob_per_node_std": 0.836818435193212,
          "frob_per_node_max": 3.964769053067536,
          "frob_per_node_min": 1.1035412135614608,
          "seed": 3,
          "r_bar_bundled": 0.05290121139735829
        }
      ],
      "mean_frob": 3.430087717371522
    },
    "P1": {
      "regime": "P1",
      "N": 28,
      "n_seeds": 4,
      "per_seed": [
        {
          "r_bar_mean": 0.08417965340551567,
          "t00_mean": 0.37635042112004063,
          "t_ii_trace_mean": -0.08249221245430102,
          "frob_per_node_mean": 1.220354535477788,
          "frob_per_node_std": 0.04229568559419514,
          "frob_per_node_max": 1.292532139489411,
          "frob_per_node_min": 1.1166934064562548,
          "seed": 0,
          "r_bar_bundled": 0.08417965340551566
        },
        {
          "r_bar_mean": 0.07329160325822971,
          "t00_mean": 0.3690061549976996,
          "t_ii_trace_mean": -0.06919309762376313,
          "frob_per_node_mean": 1.2120969427616688,
          "frob_per_node_std": 0.035289476575366775,
          "frob_per_node_max": 1.2810457154899448,
          "frob_per_node_min": 1.1573759786439448,
          "seed": 1,
          "r_bar_bundled": 0.07329160325822971
        },
        {
          "r_bar_mean": 0.10873645813832142,
          "t00_mean": 0.5483887159474216,
          "t_ii_trace_mean": -0.5589345313205778,
          "frob_per_node_mean": 1.6355289492219214,
          "frob_per_node_std": 0.9311559916142985,
          "frob_per_node_max": 5.0570821853447026,
          "frob_per_node_min": 1.1930942049225433,
          "seed": 2,
          "r_bar_bundled": 0.10873645813832142
        },
        {
          "r_bar_mean": 0.1086865262319067,
          "t00_mean": 0.569027020289019,
          "t_ii_trace_mean": -0.5989522821454681,
          "frob_per_node_mean": 1.7676531772287922,
          "frob_per_node_std": 1.1642042973755806,
          "frob_per_node_max": 5.368641498024324,
          "frob_per_node_min": 1.1531464013670454,
          "seed": 3,
          "r_bar_bundled": 0.1086865262319067
        }
      ],
      "mean_frob": 1.4589084011725426
    },
    "P2prime": {
      "regime": "P2prime",
      "N": 30,
      "n_seeds": 4,
      "per_seed": [
        {
          "r_bar_mean": 0.09982140509675821,
          "t00_mean": 0.40240684486196815,
          "t_ii_trace_mean": -0.1895870986868829,
          "frob_per_node_mean": 1.2753878173122686,
          "frob_per_node_std": 0.10491829421104246,
          "frob_per_node_max": 1.7725484245608978,
          "frob_per_node_min": 1.1497424164743808,
          "seed": 0,
          "r_bar_bundled": 0.0998214050967582
        },
        {
          "r_bar_mean": 0.11917480227785451,
          "t00_mean": 0.6685113976462349,
          "t_ii_trace_mean": -0.8043956935635805,
          "frob_per_node_mean": 2.1294728544112345,
          "frob_per_node_std": 1.8022055747171037,
          "frob_per_node_max": 7.553925051482987,
          "frob_per_node_min": 1.1587747516780473,
          "seed": 1,
          "r_bar_bundled": 0.11917480227785451
        },
        {
          "r_bar_mean": 0.133743912358166,
          "t00_mean": 1.0454483884287669,
          "t_ii_trace_mean": -1.8128348571067607,
          "frob_per_node_mean": 3.649386137075374,
          "frob_per_node_std": 4.4414904989736375,
          "frob_per_node_max": 14.974542214510729,
          "frob_per_node_min": 1.2287766468908277,
          "seed": 2,
          "r_bar_bundled": 0.133743912358166
        },
        {
          "r_bar_mean": 0.10020878428609813,
          "t00_mean": 0.459524295260851,
          "t_ii_trace_mean": -0.24255956251634886,
          "frob_per_node_mean": 1.3661823499805843,
          "frob_per_node_std": 0.5041417301049576,
          "frob_per_node_max": 3.3863235622972336,
          "frob_per_node_min": 1.1461653191144447,
          "seed": 3,
          "r_bar_bundled": 0.10020878428609813
        }
      ],
      "mean_frob": 2.1051072896948653
    },
    "P3": {
      "regime": "P3",
      "N": 36,
      "n_seeds": 4,
      "per_seed": [
        {
          "r_bar_mean": 0.10532203594200326,
          "t00_mean": 0.3516339724240451,
          "t_ii_trace_mean": -0.049642875918487914,
          "frob_per_node_mean": 1.2582872521112232,
          "frob_per_node_std": 0.0402106271086574,
          "frob_per_node_max": 1.322270376563898,
          "frob_per_node_min": 1.1639514523200882,
          "seed": 0,
          "r_bar_bundled": 0.10532203594200326
        },
        {
          "r_bar_mean": 0.11054768486886458,
          "t00_mean": 0.5511413116768675,
          "t_ii_trace_mean": -0.5667308991755525,
          "frob_per_node_mean": 1.9850699974094406,
          "frob_per_node_std": 2.4612349941571368,
          "frob_per_node_max": 12.742165873441543,
          "frob_per_node_min": 1.1659401909680303,
          "seed": 1,
          "r_bar_bundled": 0.11054768486886458
        },
        {
          "r_bar_mean": 0.1434555262266063,
          "t00_mean": 0.5078958964810464,
          "t_ii_trace_mean": -0.46917575248028376,
          "frob_per_node_mean": 1.5922987400313042,
          "frob_per_node_std": 0.7336871572906185,
          "frob_per_node_max": 4.590294857128649,
          "frob_per_node_min": 1.1521249726996035,
          "seed": 2,
          "r_bar_bundled": 0.1434555262266063
        },
        {
          "r_bar_mean": 0.10515843149963766,
          "t00_mean": 0.48489092272142353,
          "t_ii_trace_mean": -0.4200828311141886,