{
  "method": "gpu_asym_analyzer",
  "branch_metadata": {
    "causal_wave_branch": "matter",
    "regimes_used": [
      "P5N64",
      "P5N72",
      "P5N84",
      "P5N100",
      "P5N128",
      "P5N200",
      "P5N256",
      "P5N300",
      "P5N512"
    ],
    "branch_rationale": "Emergent-GR matter-source repository default fallback",
    "schema": "worldformula/branch_metadata/v1"
  },
  "backend": "CuPy",
  "threshold_factor": 2.0,
  "rows": [
    {
      "regime": "P5N64",
      "N": 64,
      "n_seeds": 24,
      "asym_mean": 0.0250807672839575,
      "asym_std": 0.045487372633632256,
      "asym_unc": 0.009285071057686538,
      "sigma_vs_0": 2.7011928210495144,
      "elapsed_seconds": 0.6502147999999579,
      "asym_per_seed": [
        -0.013916500994035786,
        0.03907787461343829,
        -0.0014903129657228018,
        -0.02023608768971332,
        0.0058823529411764705,
        0.04432895139101192,
        0.08961996596710153,
        0.05903614457831325,
        -0.016156953260242354,
        0.0689245395127748,
        0.09349593495934959,
        -0.06112616681722373,
        0.041120381406436236,
        0.10288808664259928,
        0.0515998846929951,
        0.017180094786729858,
        0.007774258566081198,
        0.011474469305794608,
        0.08283838699593624,
        0.0417036379769299,
        -0.0018018018018018018,
        0.05477920626048072,
        -0.053307284398548704,
        -0.04175064785488051
      ]
    },
    {
      "regime": "P5N72",
      "N": 72,
      "n_seeds": 24,
      "asym_mean": 0.001152217913285442,
      "asym_std": 0.039888334081079696,
      "asym_unc": 0.008142172099026115,
      "sigma_vs_0": 0.14151235066908727,
      "elapsed_seconds": 0.042891699995379895,
      "asym_per_seed": [
        -0.007183908045977011,
        0.022932233960319504,
        0.07986281234688879,
        -0.0026609898882384245,
        0.05982478097622027,
        0.0027438263906211027,
        0.038375835602872,
        0.026623538193580494,
        -0.05398587285570131,
        0.008646998982706003,
        0.07304393033532623,
        -0.010606472667935817,
        -0.0021810250817884407,
        -0.05704697986577181,
        -0.024865919063871283,
        -0.028112449799196786,
        -0.00983946141895391,
        0.03286878779910597,
        -0.0472420163631565,
        -0.06467156987065686,
        0.0359375,
        -0.05331882480957562,
        -0.013355137639683837,
        0.021863612701717855
      ]
    },
    {
      "regime": "P5N84",
      "N": 84,
      "n_seeds": 24,
      "asym_mean": 0.006630641566684641,
      "asym_std": 0.02687019820094796,
      "asym_unc": 0.005484856239981087,
      "sigma_vs_0": 1.2088997918216184,
      "elapsed_seconds": 0.04531509999651462,
      "asym_per_seed": [
        0.02949382223993623,
        0.013439083498567966,
        -0.00040064102564102563,
        0.054786024395286334,
        0.010458911419423693,
        0.0032323232323232323,
        -0.002421307506053269,
        -0.026491405460060666,
        0.033023958558169655,
        -0.06446901731692051,
        -0.015788394504818535,
        -0.030831643002028397,
        -0.0030605998775760047,
        0.023229246001523228,
        -0.011053180396246089,
        0.024800336275746113,
        0.03320533092387622,
        -0.0031631269769543608,
        0.045989304812834225,
        0.021729867916489135,
        0.021770091556459818,
        0.027385892116182572,
        0.003198720511795282,
        -0.028928199791883456
      ]
    },
    {
      "regime": "P5N100",
      "N": 100,
      "n_seeds": 24,
      "asym_mean": 0.0027227541536942157,
      "asym_std": 0.02945336587417501,
      "asym_unc": 0.006012143133269315,
      "sigma_vs_0": 0.4528758037424871,
      "elapsed_seconds": 0.043437099986476824,
      "asym_per_seed": [
        -0.04331828064893795,
        0.03839842468001313,
        0.07022518765638032,
        -0.045597744984248054,
        0.028745247148288973,
        0.0025388765471278957,
        0.009095589497168355,
        -0.029182219205972176,
        -0.0230794592812397,
        -0.008184399532320027,
        -0.00017196904557179707,
        -0.032603243604748366,
        0.024025974025974027,
        0.012166272389320717,
        -0.021962395323115814,
        0.021330383946911044,
        0.01160013647219379,
        -0.021231043710972345,
        0.028534786790638023,
        -0.040229885057471264,
        0.011322011322011322,
        0.024092409240924092,
        0.006736644211185963,
        0.04209479615512098
      ]
    },
    {
      "regime": "P5N128",
      "N": 128,
      "n_seeds": 12,
      "asym_mean": -7.228359048025983e-05,
      "asym_std": 0.023181501192138323,
      "asym_unc": 0.006691922976750346,
      "sigma_vs_0": -0.010801617222940804,
      "elapsed_seconds": 0.0356090999848675,
      "asym_per_seed": [
        0.01925367209210004,
        -0.028844158539116,
        0.0026200873362445414,
        0.024738535800482703,
        0.021754672658563987,
        -0.018817754141951318,
        -0.0022233986236103757,
        -0.003965107057890563,
        0.028690319754708718,
        0.02297270763793442,
        -0.043024267620612976,
        -0.02402271238261629
      ]
    },
    {
      "regime": "P5N200",
      "N": 200,
      "n_seeds": 8,
      "asym_mean": -0.007557226422380848,
      "asym_std": 0.014873009136873153,
      "asym_unc": 0.005258402808666243,
      "sigma_vs_0": -1.4371714563072215,
      "elapsed_seconds": 0.028180399996927008,
      "asym_per_seed": [
        -0.010345876863779288,
        -0.042701737295015425,
        0.0064516129032258064,
        -0.009507445589919816,
        -0.003018163858859683,
        -0.0057179846801165175,
        0.009695874736525143,
        -0.005314090731107009
      ]
    },
    {
      "regime": "P5N256",
      "N": 256,
      "n_seeds": 12,
      "asym_mean": -0.004226212522936212,
      "asym_std": 0.014118779171737334,
      "asym_unc": 0.0040757404777157155,
      "sigma_vs_0": -1.0369189466412811,
      "elapsed_seconds": 0.061764500016579404,
      "asym_per_seed": [
        0.0052543160453229435,
        -0.013684328274730602,
        -0.019620983655385532,
        0.02147239263803681,
        0.0065886699507389165,
        0.000827189354432656,
        -0.01365480203393704,
        -0.01774259160747254,
        -0.0185551008889516,
        0.0012779072389686537,
        -0.019467506441454337,
        0.01659028739919713
      ]
    },
    {
      "regime": "P5N300",
      "N": 300,
      "n_seeds": 12,
      "asym_mean": -0.004365700672262759,
      "asym_std": 0.011797404797114162,
      "asym_unc": 0.003405617417676422,
      "sigma_vs_0": -1.2819116585448345,
      "elapsed_seconds": 0.08012800000142306,
      "asym_per_seed": [
        -0.016661409193886038,
        0.00015070832914699085,
        2.5845803933731358e-05,
        -0.0005602240896358543,
        0.020211935865488685,
        0.006429105407425866,
        -0.018014312741630338,
        0.0034409112482202183,
        -0.002102014208551739,
        -0.014903341187157578,
        -0.023744693309910702,
        -0.006660919990596348
      ]
    },
    {
      "regime": "P5N512",
      "N": 512,
      "n_seeds": 12,
      "asym_mean": -0.0001073798940580805,
      "asym_std": 0.005480854783651852,
      "asym_unc": 0.0015821864923653225,
      "sigma_vs_0": -0.06786803867700242,
      "elapsed_seconds": 0.2719502999971155,
      "asym_per_seed": [
        -0.0026972496548794732,
        0.005058391225888491,
        0.0015534676684541503,
        0.0039614076008905935,
        -0.0032111237714557298,
        -0.0014152407044417368,
        -0.0008507808603643689,
        -0.0016408386508659982,
        -0.008317009196852486,
        0.007127893824499876,
        -0.009744572983763833,
        0.008887096774193548
      ]
    }
  ]
}
