{
  "branch_metadata": {
    "causal_wave_branch": "matter",
    "branch_rationale": "Emergent-GR matter-source repository default fallback",
    "schema": "worldformula/branch_metadata/v1"
  },
  "default": {
    "params": {
      "Z": 1.0,
      "K": 1.0,
      "Z1": 1.0,
      "Z3": 0.5,
      "AK": 1.0,
      "AQ": 0.5,
      "OM": 1.0
    },
    "kappas": [
      0.9450285745726551,
      0.9591622294601222,
      0.9700980775677905,
      0.9701276771946409,
      0.9805342127701656,
      0.9825355118179702,
      0.9836993264133216,
      0.9889131565089968,
      0.9890555117906814
    ],
    "mean_kappa": 0.9743504753440383,
    "std": 0.013933635624691264,
    "CV_percent": 1.4300434984414994
  },
  "all_unit": {
    "params": {
      "Z": 1.0,
      "K": 1.0,
      "Z1": 1.0,
      "Z3": 1.0,
      "AK": 1.0,
      "AQ": 1.0,
      "OM": 1.0
    },
    "kappas": [
      0.9762596901029085,
      0.9824877309369374,
      0.9871402811772506,
      0.9871549886726565,
      0.9916669586470055,
      0.9924594472840639,
      0.9930445081596679,
      0.9951979562687961,
      0.9952964586980708
    ],
    "mean_kappa": 0.9889675577719286,
    "std": 0.0060099624446414,
    "CV_percent": 0.607700666964385
  },
  "Z_xi_doubled": {
    "params": {
      "Z": 2.0,
      "K": 1.0,
      "Z1": 1.0,
      "Z3": 0.5,
      "AK": 1.0,
      "AQ": 0.5,
      "OM": 1.0
    },
    "kappas": [
      0.9458480963986455,
      0.9596610522108185,
      0.9705121850260912,
      0.9704646317053904,
      0.9807605601921172,
      0.9827336693027439,
      0.9838983133877796,
      0.9890211768298036,
      0.989174411951634
    ],
    "mean_kappa": 0.974674899667225,
    "std": 0.013721664416607557,
    "CV_percent": 1.4078196146522732
  },
  "K_rec_off": {
    "params": {
      "Z": 1.0,
      "K": 1.0,
      "Z1": 1.0,
      "Z3": 0.0,
      "AK": 1.0,
      "AQ": 0.5,
      "OM": 1.0
    },
    "kappas": [
      0.04679972042177438,
      -0.3928319474957429,
      -0.14648225943964954,
      0.07686603030598538,
      0.12451181239200826,
      0.1925131828649269,
      0.28995877014895943,
      0.42309869915177956,
      0.4102652597098171
    ],
    "mean_kappa": 0.1138554742288732,
    "std": 0.24747068705884284,
    "CV_percent": 217.35510631783526
  },
  "kinetic_only": {
    "params": {
      "Z": 0.0,
      "K": 0.0,
      "Z1": 1.0,
      "Z3": 0.0,
      "AK": 1.0,
      "AQ": 0.5,
      "OM": 1.0
    },
    "kappas": [
      -0.15671711718864856,
      0.20086241448799647,
      -0.015377327637706495,
      0.2249634763992352,
      0.28689021870289144,
      0.3168245431346882,
      0.3677274852897058,
      0.2956196417146876,
      0.5246838729168636
    ],
    "mean_kappa": 0.22727524531330145,
    "std": 0.19190741092942884,
    "CV_percent": 84.43832528478072
  },
  "potential_only": {
    "params": {
      "Z": 1.0,
      "K": 1.0,
      "Z1": 0.0,
      "Z3": 0.5,
      "AK": 1.0,
      "AQ": 0.5,
      "OM": 1.0
    },
    "kappas": [
      0.9439395474659388,
      0.9580003342364939,
      0.9695004658504833,
      0.9693209792998526,
      0.9804098057954995,
      0.9824097616317089,
      0.9836675694354489,
      0.988897973575271,
      0.9889510444005046
    ],
    "mean_kappa": 0.9738997201879113,
    "std": 0.014346596941233369,
    "CV_percent": 1.4731082311498387
  },
  "system_R_alpha": {
    "params": {
      "Z": 0.81,
      "K": 0.99,
      "Z1": 1.0,
      "Z3": 0.005,
      "AK": 1.0,
      "AQ": 0.5,
      "OM": 1.0
    },
    "kappas": [
      0.11513926896879645,
      -0.17960007081701113,
      0.10437650856724434,
      0.2387524586273415,
      0.3011589344422859,
      0.3562010962244492,
      0.4385926740355828,
      0.5286359714945035,
      0.5684564785136221
    ],
    "mean_kappa": 0.27463481333964607,
    "std": 0.22289262966732898,
    "CV_percent": 81.15964140047805
  }
}
