{
  "method": "measured_vs_idealized_galerkin_audit",
  "branch_metadata": {
    "causal_wave_branch": "matter",
    "branch_rationale": "Emergent-GR matter-source repository default fallback",
    "schema": "worldformula/branch_metadata/v1"
  },
  "schema_version": "1.0.0",
  "idealized_convention": {
    "name": "System-R idealised",
    "alpha_xi": 0.9,
    "gamma": 0.1,
    "eps_sync_sq": 0.05,
    "beta_pi": 0.9375,
    "D_Omega": 0.8375,
    "lambda_t": 0.81,
    "lambda_s": -0.005,
    "kappa_O5": 0.01,
    "alpha_xi_cubed": 0.729
  },
  "measured_convention": {
    "name": "causal-wave measured",
    "alpha_xi": 0.900819,
    "gamma": 0.100206,
    "eps_sync_sq": 0.05,
    "beta_pi": 0.937913,
    "D_Omega": 0.839964,
    "lambda_t": 0.8114748707610001,
    "lambda_s": -0.005020621218,
    "kappa_O5": 0.010041242436,
    "alpha_xi_cubed": 0.7309919816040533
  },
  "per_regime_per_convention": [
    {
      "regime": "P5",
      "N": 50,
      "blind_lambda_t": 0.879588686546614,
      "blind_lambda_t_std": 0.01944600169192821,
      "sigma_distance_lambda_t": 3.578560140488899,
      "blind_lambda_s": -0.04567901710030886,
      "blind_lambda_s_std": 0.01738730331780567,
      "sigma_distance_lambda_s": -2.3395817256291287,
      "struct_residual_mean": 0.2804133221622677,
      "struct_residual_median": 0.04332885485563631,
      "struct_residual_lift_t00": 10.0,
      "running_residual_mean": 0.2783660184923654,
      "running_residual_median": 0.04055724592530609,
      "running_residual_lift_t00": 10.0,
      "convention": "System-R idealised",
      "lambda_t_target": 0.81,
      "lambda_s_target": -0.005,
      "kappa_O5": 0.01
    },
    {
      "regime": "P5",
      "N": 50,
      "blind_lambda_t": 0.879588686546614,
      "blind_lambda_t_std": 0.01944600169192821,
      "sigma_distance_lambda_t": 3.5027157183621513,
      "blind_lambda_s": -0.04567901710030886,
      "blind_lambda_s_std": 0.01738730331780567,
      "sigma_distance_lambda_s": -2.338395732745523,
      "struct_residual_mean": 0.27991297134191817,
      "struct_residual_median": 0.04240957036886654,
      "struct_residual_lift_t00": 10.0,
      "running_residual_mean": 0.27799031217867065,
      "running_residual_median": 0.03966178294409721,
      "running_residual_lift_t00": 10.0,
      "convention": "causal-wave measured",
      "lambda_t_target": 0.8114748707610001,
      "lambda_s_target": -0.005020621218,
      "kappa_O5": 0.010041242436
    },
    {
      "regime": "P8",
      "N": 84,
      "blind_lambda_t": 0.8175056921010312,
      "blind_lambda_t_std": 0.019467734331637267,
      "sigma_distance_lambda_t": 0.38554522951515413,
      "blind_lambda_s": -0.006983660234458867,
      "blind_lambda_s_std": 0.0056315948286163086,
      "sigma_distance_lambda_s": -0.35223773989902885,
      "struct_residual_mean": 0.066978233696168,
      "struct_residual_median": 0.024258792226763234,
      "struct_residual_lift_t00": 5.813148788927335,
      "running_residual_mean": 0.06615680804936941,
      "running_residual_median": 0.02408585266990925,
      "running_residual_lift_t00": 5.231833910034601,
      "convention": "System-R idealised",
      "lambda_t_target": 0.81,
      "lambda_s_target": -0.005,
      "kappa_O5": 0.01
    },
    {
      "regime": "P8",
      "N": 84,
      "blind_lambda_t": 0.8175056921010312,
      "blind_lambda_t_std": 0.019467734331637267,
      "sigma_distance_lambda_t": 0.3097854756642283,
      "blind_lambda_s": -0.006983660234458867,
      "blind_lambda_s_std": 0.0056315948286163086,
      "sigma_distance_lambda_s": -0.3485760386176767,
      "struct_residual_mean": 0.06697049981704108,
      "struct_residual_median": 0.024373132284746857,
      "struct_residual_lift_t00": 5.813148788927335,
      "running_residual_mean": 0.0663799055505088,
      "running_residual_median": 0.024121080004999344,
      "running_residual_lift_t00": 5.231833910034601,
      "convention": "causal-wave measured",
      "lambda_t_target": 0.8114748707610001,
      "lambda_s_target": -0.005020621218,
      "kappa_O5": 0.010041242436
    },
    {
      "regime": "P5N100",
      "N": 100,
      "blind_lambda_t": 0.8454897718361434,
      "blind_lambda_t_std": 0.025888156617463298,
      "sigma_distance_lambda_t": 1.370888331701574,
      "blind_lambda_s": -0.012475415748713388,
      "blind_lambda_s_std": 0.008889020132931481,
      "sigma_distance_lambda_s": -0.8409718548188387,
      "struct_residual_mean": 0.10019094018111821,
      "struct_residual_median": 0.03184686203059375,
      "struct_residual_lift_t00": 7.75,
      "running_residual_mean": 0.09755611867734242,
      "running_residual_median": 0.02889701602332543,
      "running_residual_lift_t00": 7.75,
      "convention": "System-R idealised",
      "lambda_t_target": 0.81,
      "lambda_s_target": -0.005,
      "kappa_O5": 0.01
    },
    {
      "regime": "P5N100",
      "N": 100,
      "blind_lambda_t": 0.8454897718361434,
      "blind_lambda_t_std": 0.025888156617463298,
      "sigma_distance_lambda_t": 1.3139174634086512,
      "blind_lambda_s": -0.012475415748713388,
      "blind_lambda_s_std": 0.008889020132931481,
      "sigma_distance_lambda_s": -0.83865200204636,
      "struct_residual_mean": 0.09952002564605142,
      "struct_residual_median": 0.030881952207384822,
      "struct_residual_lift_t00": 7.75,
      "running_residual_mean": 0.09704440751539238,
      "running_residual_median": 0.027800241631734703,
      "running_residual_lift_t00": 7.75,
      "convention": "causal-wave measured",
      "lambda_t_target": 0.8114748707610001,
      "lambda_s_target": -0.005020621218,
      "kappa_O5": 0.010041242436
    }
  ]
}
