{
  "branch_metadata": {
    "causal_wave_branch": "matter",
    "branch_rationale": "Emergent-GR matter-source repository default fallback",
    "schema": "worldformula/branch_metadata/v1"
  },
  "Lambda_t": {
    "name": "Lambda_t per-N (within-P5)",
    "N": [
      50,
      64,
      72,
      84,
      100,
      200,
      300
    ],
    "y": [
      0.879588686546614,
      0.8562922659002226,
      0.8473569151728749,
      0.8274902833504618,
      0.8454897718361434,
      0.8094653711133861,
      0.8167228715304735
    ],
    "symanzik2": {
      "a": 0.813429391911504,
      "c2": 168.98773214543138,
      "r2": 0.8863410609423813
    },
    "free_fit": {
      "a": 0.80989979740446,
      "p": 1.68
    },
    "residuals_s2": [
      -0.001435798223062501,
      0.001606103445400353,
      0.0013295811036874161,
      -0.009888617085054507,
      0.015161606710096254,
      -0.008188714101753591,
      0.00141583815068691
    ],
    "sign_changes": 5,
    "n_pairs": 6,
    "sign_run_lengths": [
      1,
      2,
      1,
      1,
      1,
      1
    ],
    "lag1_autocorr": -0.7416848011293926,
    "divisor_counts": [
      6,
      7,
      12,
      12,
      9,
      12,
      18
    ],
    "spearman_rho_divcount": -0.28571428571428575
  },
  "chirality": {
    "name": "chirality_deviation per-N (within-P5)",
    "N": [
      50,
      72,
      84,
      128,
      200,
      256,
      300
    ],
    "y": [
      0.0518861352624691,
      0.05403091318990849,
      0.02723213205690367,
      0.02882361821566659,
      0.02629605610563379,
      0.03370873439217581,
      0.013739978450333812
    ],
    "symanzik2": {
      "a": 0.023956479151351025,
      "c2": 80.30676831030368,
      "r2": 0.6102836489685916
    },
    "free_fit": {
      "a": 0.01593935866284793,
      "p": 1.0
    },
    "residuals_s2": [
      -0.004193051213003396,
      0.014583159287341482,
      -0.008105691809626447,
      -3.4397087436369156e-05,
      0.00033190774652517435,
      0.008526871202886803,
      -0.011108798126687254
    ],
    "sign_changes": 4,
    "n_pairs": 6,
    "sign_run_lengths": [
      1,
      1,
      2,
      2,
      1
    ],
    "lag1_autocorr": -0.5505751780821523,
    "divisor_counts": [
      6,
      12,
      12,
      8,
      12,
      9,
      18
    ],
    "spearman_rho_divcount": -0.28571428571428575
  },
  "T_00": {
    "name": "T_00,med cross-regime",
    "N": [
      18,
      28,
      30,
      36,
      42,
      50,
      60,
      64,
      72,
      84,
      100
    ],
    "y": [
      0.8888826298217886,
      0.8732911170356148,
      0.8819786670268,
      0.856366582745391,
      0.8475814269152833,
      0.8585060509110314,
      0.8285954985255585,
      0.8446894182600003,
      0.8392428726981114,
      0.8232147303333244,
      0.8449384967874567
    ],
    "symanzik2": {
      "a": 0.8386536293342471,
      "c2": 19.845241510848656,
      "r2": 0.6783035403894331
    },
    "free_fit": {
      "a": 0.7945405034947637,
      "p": 0.5800000000000001
    },
    "residuals_s2": [
      -0.01102174491631247,
      0.009324679651815826,
      0.021274769347165434,
      0.002400267060180372,
      -0.0023223393298758,
      0.011914324972444823,
      -0.015570697895035512,
      0.001190759260018659,
      -0.0032389282238766137,
      -0.01825143322865075,
      0.004300343302124698
    ],
    "sign_changes": 7,
    "n_pairs": 10,
    "sign_run_lengths": [
      1,
      3,
      1,
      1,
      1,
      1,
      2,
      1
    ],
    "lag1_autocorr": -0.0801742424470917,
    "divisor_counts": [
      6,
      6,
      8,
      9,
      8,
      6,
      12,
      7,
      12,
      12,
      9
    ],
    "spearman_rho_divcount": -0.43636363636363645
  },
  "Galerkin": {
    "name": "Galerkin Frobenius median per-N (within-P5)",
    "N": [
      50,
      64,
      72,
      84,
      100,
      200,
      300
    ],
    "y": [
      0.1094333755806021,
      0.07434369242313307,
      0.05319887258060185,
      0.030161321283262828,
      0.035976794112663704,
      0.01473480048125309,
      0.014257288463627197
    ],
    "symanzik2": {
      "a": 0.007381360362984566,
      "c2": 251.5405661337642,
      "r2": 0.9673036050951351
    },
    "free_fit": {
      "a": 0.011691633983230181,
      "p": 2.37
    },
    "residuals_s2": [
      0.0014357887641118505,
      0.005551061031397478,
      -0.0027049735334946368,
      -0.012869212284620297,
      0.0034413771363027146,
      0.0010649259649244194,
      0.004081032921378585
    ],
    "sign_changes": 2,
    "n_pairs": 6,
    "sign_run_lengths": [
      2,
      2,
      3
    ],
    "lag1_autocorr": -0.03615104270120943,
    "divisor_counts": [
      6,
      7,
      12,
      12,
      9,
      12,
      18
    ],
    "spearman_rho_divcount": -0.21428571428571433
  }
}
