{
  "branch_metadata": {
    "causal_wave_branch": "matter",
    "regimes_used": [
      "P5",
      "P5N64",
      "P5N72",
      "P5N84",
      "P5N100",
      "P5N128",
      "P5N200",
      "P5N300"
    ],
    "branch_rationale": "Emergent-GR matter-source repository default fallback",
    "schema": "worldformula/branch_metadata/v1"
  },
  "k_bins": [
    0.0,
    0.5235987755982988,
    1.0471975511965976,
    1.5707963267948966,
    2.0943951023931953,
    2.617993877991494,
    3.141592653589793
  ],
  "ladder": [
    {
      "regime": "P5",
      "N": 50,
      "kind": "d1",
      "n_seeds": 28,
      "var_xi_mean": 0.023311123086158896,
      "var_xi_std": 0.003944875772178855,
      "mabs_xi_mean": 0.10650901833536285,
      "mabs_xi_std": 0.013257756909780894,
      "uv_top3": [
        0.34975945822459226,
        0.0842760595547544,
        0.06388167144492168
      ],
      "ir_bot3": [
        0.00016516803283784422,
        5.714996243754861e-05,
        9.896454714070355e-06
      ],
      "mid3": [
        0.009133426560012505,
        0.008665052951375879,
        0.00825464038783497
      ],
      "uv_mean": 0.16597239640808945,
      "ir_mean": 7.74048166631544e-05,
      "mid_mean": 0.008684373299741118,
      "fft_bin_power_mean": [
        0.16092798963840454,
        0.16121250081851354,
        0.16830284792059516,
        0.16913849152101945,
        0.1683547534247662,
        0.1720634166767012
      ],
      "fft_bin_power_std": [
        0.03047991357312584,
        0.01918117336037884,
        0.020340760899770324,
        0.01857490981174114,
        0.01727440156621798,
        0.013157694295469667
      ],
      "Lambda_t_mean": 0.8712252283544256,
      "Lambda_t_std": 0.045907713919018926,
      "T_00_med": 0.8488968013834118,
      "kappa_t": 1.0263028756082317,
      "Lambda_over_Var_Xi": 37.373798985760594,
      "Lambda_over_Var_Xi_per_N": 0.7474759797152118
    },
    {
      "regime": "P5N64",
      "N": 64,
      "kind": "snap",
      "n_seeds": 24,
      "var_xi_mean": 0.017887736400857692,
      "var_xi_std": 0.004770683679729112,
      "mabs_xi_mean": 0.07874812977657243,
      "mabs_xi_std": 0.014954798231644277,
      "uv_top3": [
        0.27971444692271674,
        0.07746215750900022,
        0.06170101275979034
      ],
      "ir_bot3": [
        7.261689428645424e-05,
        2.7728410111604452e-05,
        7.342206032394231e-06
      ],
      "mid3": [
        0.007543014764478797,
        0.00723080164290988,
        0.0068912876656440705
      ],
      "uv_mean": 0.1396258723971691,
      "ir_mean": 3.589583681015097e-05,
      "mid_mean": 0.0072217013576775825,
      "fft_bin_power_mean": [
        0.1755524033528856,
        0.1738930744060346,
        0.16529398944666535,
        0.16254265260086911,
        0.15463404582047993,
        0.16808383437306532
      ],
      "fft_bin_power_std": [
        0.028817738779273815,
        0.016998658556907492,
        0.018283420178850006,
        0.011271460859595114,
        0.013070879096685193,
        0.01343635435041853
      ],
      "Lambda_t_mean": 0.8548431132828659,
      "Lambda_t_std": 0.04598690297186692,
      "T_00_med": 0.8411979090676449,
      "kappa_t": 1.0162211580273004,
      "Lambda_over_Var_Xi": 47.78933980947289,
      "Lambda_over_Var_Xi_per_N": 0.7467084345230139
    },
    {
      "regime": "P5N72",
      "N": 72,
      "kind": "snap",
      "n_seeds": 24,
      "var_xi_mean": 0.016283141197794938,
      "var_xi_std": 0.00324605270826787,
      "mabs_xi_mean": 0.07064343343567128,
      "mabs_xi_std": 0.009764483747732823,
      "uv_top3": [
        0.25107303070064757,
        0.07395830138278567,
        0.05957901689527819
      ],
      "ir_bot3": [
        6.101243894380897e-05,
        3.0729800357077586e-05,
        4.655556080222334e-06
      ],
      "mid3": [
        0.006821298632821417,
        0.006559541727616078,
        0.006303817036966051
      ],
      "uv_mean": 0.12820344965957048,
      "ir_mean": 3.213259846036963e-05,
      "mid_mean": 0.0065615524658011815,
      "fft_bin_power_mean": [
        0.17442520402441922,
        0.161726338457686,
        0.163207667069608,
        0.16300532240813967,
        0.16883290301955764,
        0.16880256502058946
      ],
      "fft_bin_power_std": [
        0.03247982517773327,
        0.01688596866783395,
        0.014475794796655896,
        0.010903078202734652,
        0.012519017484852802,
        0.010874788940134668
      ],
      "Lambda_t_mean": 0.8401786981440195,
      "Lambda_t_std": 0.022393012866709913,
      "T_00_med": 0.841492652999868,
      "kappa_t": 0.9984385426882049,
      "Lambda_over_Var_Xi": 51.598072382851804,
      "Lambda_over_Var_Xi_per_N": 0.716639894206275
    },
    {
      "regime": "P5N84",
      "N": 84,
      "kind": "snap",
      "n_seeds": 24,
      "var_xi_mean": 0.01416550599596897,
      "var_xi_std": 0.0031209298640090047,
      "mabs_xi_mean": 0.060329987260103246,
      "mabs_xi_std": 0.009162987946634558,
      "uv_top3": [
        0.21940398916410012,
        0.06836688060071104,
        0.0561173365739851
      ],
      "ir_bot3": [
        4.82463979118416e-05,
        1.5893685472229903e-05,
        4.859034588467308e-06
      ],
      "mid3": [
        0.005941425307675632,
        0.005766774549036231,
        0.005628151730869464
      ],
      "uv_mean": 0.11462940211293209,
      "ir_mean": 2.299970599084627e-05,
      "mid_mean": 0.005778783862527109,
      "fft_bin_power_mean": [
        0.17050720179667977,
        0.16605556829836887,
        0.1688646202055142,
        0.16494761526784166,
        0.16580750680030137,
        0.16381748763129414
      ],
      "fft_bin_power_std": [
        0.023365623472894552,
        0.013438588066251202,
        0.010034661994177676,
        0.011704570822167628,
        0.0076627365985712445,
        0.010060551057416729
      ],
      "Lambda_t_mean": 0.8383391914133815,
      "Lambda_t_std": 0.02261235550932408,
      "T_00_med": 0.8392009091981951,
      "kappa_t": 0.9989731686710911,
      "Lambda_over_Var_Xi": 59.18173284116676,
      "Lambda_over_Var_Xi_per_N": 0.7045444385853186
    },
    {
      "regime": "P5N100",
      "N": 100,
      "kind": "snap",
      "n_seeds": 24,
      "var_xi_mean": 0.01179247968308885,
      "var_xi_std": 0.003068957046842897,
      "mabs_xi_mean": 0.04942482317962702,
      "mabs_xi_std": 0.008391528911094051,
      "uv_top3": [
        0.18617773943241858,
        0.06200602265081057,
        0.05364596042728819
      ],
      "ir_bot3": [
        2.1581639030111347e-05,
        1.0361915598158292e-05,
        2.3982980744217534e-06
      ],
      "mid3": [
        0.005070955958435557,
        0.0049463299989643125,
        0.004805976861550545
      ],
      "uv_mean": 0.10060990750350578,
      "ir_mean": 1.1447284234230464e-05,
      "mid_mean": 0.004941087606316805,
      "fft_bin_power_mean": [
        0.16527189246124996,
        0.1705547453647687,
        0.16579775291206392,
        0.16632655525898096,
        0.16582963153413544,
        0.16621942246880106
      ],
      "fft_bin_power_std": [
        0.02024530263199081,
        0.011958622760490681,
        0.010414227817812908,
        0.010429878717774217,
        0.007736500949503351,
        0.006220631149417643
      ],
      "Lambda_t_mean": 0.8317892689872274,
      "Lambda_t_std": 0.019778873541325934,
      "T_00_med": 0.8341355288018872,
      "kappa_t": 0.9971871959248279,
      "Lambda_over_Var_Xi": 70.53556939174253,
      "Lambda_over_Var_Xi_per_N": 0.7053556939174253
    },
    {
      "regime": "P5N128",
      "N": 128,
      "kind": "snap",
      "n_seeds": 12,
      "var_xi_mean": 0.006527002877198887,
      "var_xi_std": 0.001326583958719907,
      "mabs_xi_mean": 0.029212902919387298,
      "mabs_xi_std": 0.003719879595669283,