{
  "method": "parallel_solution_paths_audit",
  "branch_metadata": {
    "causal_wave_branch": "matter",
    "branch_rationale": "Emergent-GR matter-source repository default fallback",
    "schema": "worldformula/branch_metadata/v1"
  },
  "schema_version": "1.0.0",
  "n_pts": 11,
  "path_G_log_symanzik": {
    "R_time_median_abs": {
      "symanzik": {
        "d_inf": 0.018929493233720115,
        "c_2": 4.003114955820287,
        "c_4": 2377.9189300336066,
        "R_squared": 0.897595560572401,
        "ss_res": 0.00011543022686875414
      },
      "log_symanzik": {
        "d_inf": 0.021288268398620896,
        "c_2": 46.690071023533136,
        "c_log": -12.456349467261319,
        "R_squared": 0.9093163626753893,
        "ss_res": 0.00010221854529133338
      }
    },
    "R_trace_median_abs": {
      "symanzik": {
        "d_inf": 0.0059168059084790964,
        "c_2": 5.814412130813558,
        "c_4": 1782.2862496491102,
        "R_squared": 0.9834865630794332,
        "ss_res": 1.6659951391073105e-05
      },
      "log_symanzik": {
        "d_inf": 0.006989915938350975,
        "c_2": 32.744600179888266,
        "c_log": -7.551813818309615,
        "R_squared": 0.9816682996072834,
        "ss_res": 1.849434729592868e-05
      }
    },
    "R_TF_norm_median_abs": {
      "symanzik": {
        "d_inf": -0.010753759755924769,
        "c_2": 93.88562154613528,
        "c_4": -3199.406244667726,
        "R_squared": 0.9658948605854129,
        "ss_res": 0.0018972241757372606
      },
      "log_symanzik": {
        "d_inf": -0.010535418695908804,
        "c_2": 61.17473642203437,
        "c_log": 8.048503890757296,
        "R_squared": 0.9651315424658832,
        "ss_res": 0.001939686561612471
      }
    },
    "R_off_median_abs": {
      "symanzik": {
        "d_inf": 0.0013721221940116814,
        "c_2": 18.260196396248862,
        "c_4": -3203.624086656971,
        "R_squared": 0.9800977827927153,
        "ss_res": 1.210841754253057e-05
      },
      "log_symanzik": {
        "d_inf": -0.0006384530357341274,
        "c_2": -30.741624585885727,
        "c_log": 13.784003435401104,
        "R_squared": 0.9732534723291372,
        "ss_res": 1.627246459420182e-05
      }
    },
    "R_time_mean_abs": {
      "symanzik": {
        "d_inf": 0.017952307940887983,
        "c_2": 93.40454799129967,
        "c_4": 80746.73097133916,
        "R_squared": 0.9567638932593562,
        "ss_res": 0.04209077062877146
      },
      "log_symanzik": {
        "d_inf": 0.07030777397675583,
        "c_2": 1340.7258450976592,
        "c_log": -351.7358343758772,
        "R_squared": 0.9549979331966281,
        "ss_res": 0.043809949933831
      }
    },
    "R_trace_mean_abs": {
      "symanzik": {
        "d_inf": -0.0007850924722673152,
        "c_2": 105.78047350711796,
        "c_4": 36548.97503612767,
        "R_squared": 0.9451776620628493,
        "ss_res": 0.02152874817794909
      },
      "log_symanzik": {
        "d_inf": 0.022757965677199146,
        "c_2": 669.2349601405032,
        "c_log": -158.81073336577867,
        "R_squared": 0.9441817281360407,
        "ss_res": 0.021919851722944157
      }
    },
    "R_TF_norm_mean_abs": {
      "symanzik": {
        "d_inf": -0.030534579679002527,
        "c_2": 608.2547873576868,
        "c_4": 138469.8253476077,
        "R_squared": 0.9417107187439844,
        "ss_res": 0.5117062807267111
      },
      "log_symanzik": {
        "d_inf": 0.059559374052858445,
        "c_2": 2749.5129649777455,
        "c_log": -603.9794033273993,
        "R_squared": 0.9411685875239133,
        "ss_res": 0.5164655082263596
      }
    },
    "R_off_mean_abs": {
      "symanzik": {
        "d_inf": 0.0055839636059001815,
        "c_2": 1.3538594726696154,
        "c_4": 17176.50557134298,
        "R_squared": 0.9886603265205451,
        "ss_res": 0.00027806033502355713
      },
      "log_symanzik": {
        "d_inf": 0.01619840306073676,
        "c_2": 262.87555738127975,
        "c_log": -73.47926603254376,
        "R_squared": 0.9829943521311002,
        "ss_res": 0.0004169957937753826
      }
    }
  },
  "path_F_constrained_positive": {
    "R_time_median_abs": {
      "unconstrained": {
        "d_inf": 0.018929493233720115,
        "c_2": 4.003114955820287,
        "c_4": 2377.9189300336066,
        "R_squared": 0.897595560572401,
        "ss_res": 0.00011543022686875414
      },
      "constrained": {
        "d_inf": 0.018929493233720115,
        "c_2": 4.003114955820287,
        "c_4": 2377.9189300336066,
        "R_squared": 0.897595560572401,
        "ss_res": 0.00011543022686875414
      }
    },
    "R_trace_median_abs": {
      "unconstrained": {
        "d_inf": 0.0059168059084790964,
        "c_2": 5.814412130813558,
        "c_4": 1782.2862496491102,
        "R_squared": 0.9834865630794332,
        "ss_res": 1.6659951391073105e-05
      },
      "constrained": {
        "d_inf": 0.0059168059084790964,
        "c_2": 5.814412130813558,
        "c_4": 1782.2862496491102,
        "R_squared": 0.9834865630794332,
        "ss_res": 1.6659951391073105e-05
      }
    },
    "R_TF_norm_median_abs": {
      "unconstrained": {
        "d_inf": -0.010753759755924769,
        "c_2": 93.88562154613528,
        "c_4": -3199.406244667726,
        "R_squared": 0.9658948605854129,
        "ss_res": 0.0018972241757372606
      },
      "constrained": {
        "d_inf": 0.0,
        "c_2": 74.22813823373154,
        "c_4": 2182.8203642639137,
        "R_squared": 0.9598454680454216,
        "ss_res": 0.0022337439487802426
      }
    },
    "R_off_median_abs": {
      "unconstrained": {
        "d_inf": 0.0013721221940116814,
        "c_2": 18.260196396248862,
        "c_4": -3203.624086656971,
        "R_squared": 0.9800977827927153,
        "ss_res": 1.210841754253057e-05
      },
      "constrained": {
        "d_inf": 0.0013721221940116814,
        "c_2": 18.260196396248862,
        "c_4": -3203.624086656971,
        "R_squared": 0.9800977827927153,
        "ss_res": 1.210841754253057e-05
      }
    },
    "R_time_mean_abs": {
      "unconstrained": {
        "d_inf": 0.017952307940887983,
        "c_2": 93.40454799129967,
        "c_4": 80746.73097133916,
        "R_squared": 0.9567638932593562,
        "ss_res": 0.04209077062877146
      },
      "constrained": {
        "d_inf": 0.017952307940887983,
        "c_2": 93.40454799129967,
        "c_4": 80746.73097133916,
        "R_squared": 0.9567638932593562,
        "ss_res": 0.04209077062877146
      }
    },
    "R_trace_mean_abs": {
      "unconstrained": {
        "d_inf": -0.0007850924722673152,
        "c_2": 105.78047350711796,
        "c_4": 36548.97503612767,
        "R_squared": 0.9451776620628493,
        "ss_res": 0.02152874817794909
      },
      "constrained": {
        "d_inf": 0.0,
        "c_2": 104.34535290520306,
        "c_4": 36941.91161747423,
        "R_squared": 0.9451730946493767,
        "ss_res": 0.02153054180255861
      }
    },
    "R_TF_norm_mean_abs": {
      "unconstrained": {
        "d_inf": -0.030534579679002527,
        "c_2": 608.2547873576868,
        "c_4": 138469.8253476077,
        "R_squared": 0.9417107187439844,
        "ss_res": 0.5117062807267111
      },
      "constrained": {
        "d_inf": 0.0,
        "c_2": 552.4386817239232,
        "c_4": 153752.29687128548,
        "R_squared": 0.9414016594754087,
        "ss_res": 0.5144194308194758
      }
    },
    "R_off_mean_abs": {
      "unconstrained": {
        "d_inf": 0.0055839636059001815,
        "c_2": 1.3538594726696154,
        "c_4": 17176.50557134298,
        "R_squared": 0.9886603265205451,
        "ss_res": 0.00027806033502355713
      },
      "constrained": {
        "d_inf": 0.0055839636059001815,
        "c_2": 1.3538594726696154,
        "c_4": 17176.50557134298,
        "R_squared": 0.9886603265205451,
        "ss_res": 0.00027806033502355713
      }
    }
  },
  "path_A_bootstrap": {
    "R_time_median_abs": {
      "n_resamples": 1000,