{
  "method": "per_eigendirection_decomposition",
  "branch_metadata": {
    "causal_wave_branch": "matter",
    "regimes_used": [
      "P5",
      "P6",
      "P5N64",
      "P7",
      "P8",
      "P5N100"
    ],
    "branch_rationale": "Emergent-GR matter-source repository default fallback",
    "schema": "worldformula/branch_metadata/v1"
  },
  "schema_version": "1.0.0",
  "lambda_t": 0.81,
  "lambda_s": -0.005,
  "per_regime": [
    {
      "regime": "P5",
      "N": 50,
      "n_nodes_total": 200,
      "R_time_mean_abs": 0.07042047148421492,
      "R_time_median_abs": 0.02262713200290256,
      "R_time_p90_abs": 0.14691165227360536,
      "R_diag1_mean_abs": 0.1480063444956597,
      "R_diag1_median_abs": 0.013392919695522056,
      "R_diag1_p90_abs": 0.32728032915163857,
      "R_diag2_mean_abs": 0.1485220611923055,
      "R_diag2_median_abs": 0.014197027161448326,
      "R_diag2_p90_abs": 0.33892875531898004,
      "R_diag3_mean_abs": 0.16373361798282773,
      "R_diag3_median_abs": 0.03189121749504203,
      "R_diag3_p90_abs": 0.3537032744877177,
      "R_off_mean_abs": 0.010221920067281967,
      "R_off_median_abs": 0.009157878943380836,
      "R_off_p90_abs": 0.01701634630439333,
      "R_trace_mean_abs": 0.04902330278670026,
      "R_trace_median_abs": 0.009148980611905218,
      "R_trace_p90_abs": 0.10378834704415797,
      "R_TF_norm_mean_abs": 0.2519595793771719,
      "R_TF_norm_median_abs": 0.03356508194277936,
      "R_TF_norm_p90_abs": 0.5603597842911324,
      "mean_sq_total": 0.6173632184329724,
      "mean_sq_R_time": 0.03228329664462293,
      "mean_sq_R_diag_total": 0.5849363542254449,
      "mean_sq_R_off": 0.00014356756290461698,
      "mean_sq_R_trace_x3": 0.062171690642579255,
      "mean_sq_R_TF_norm": 0.5227646635828657,
      "frac_time": 0.05229222551768842,
      "frac_spatial_diag": 0.947475224892997,
      "frac_off": 0.00023254958931474506,
      "frac_within_spatial_trace": 0.1062879579863097,
      "frac_within_spatial_TF": 0.8937120420136904
    },
    {
      "regime": "P6",
      "N": 60,
      "n_nodes_total": 240,
      "R_time_mean_abs": 0.029363111112784817,
      "R_time_median_abs": 0.016579970329383797,
      "R_time_p90_abs": 0.0543984154110758,
      "R_diag1_mean_abs": 0.03757900914323991,
      "R_diag1_median_abs": 0.008356850095242587,
      "R_diag1_p90_abs": 0.06369045915258403,
      "R_diag2_mean_abs": 0.03811110800177566,
      "R_diag2_median_abs": 0.008115570987389617,
      "R_diag2_p90_abs": 0.06468910861978854,
      "R_diag3_mean_abs": 0.04436010665083737,
      "R_diag3_median_abs": 0.011763233155417744,
      "R_diag3_p90_abs": 0.07817624439576767,
      "R_off_mean_abs": 0.0069332941218249785,
      "R_off_median_abs": 0.005848494429188915,
      "R_off_p90_abs": 0.012919322924635558,
      "R_trace_mean_abs": 0.015281313338098679,
      "R_trace_median_abs": 0.0073281227961711996,
      "R_trace_p90_abs": 0.016770028212653876,
      "R_TF_norm_mean_abs": 0.06276499510370731,
      "R_TF_norm_median_abs": 0.008725674812092365,
      "R_TF_norm_p90_abs": 0.11646192560579108,
      "mean_sq_total": 0.05656887204291881,
      "mean_sq_R_time": 0.0033724833913323735,
      "mean_sq_R_diag_total": 0.05313229710808185,
      "mean_sq_R_off": 6.409154350457981e-05,
      "mean_sq_R_trace_x3": 0.005515296921336145,
      "mean_sq_R_TF_norm": 0.047617000186745716,
      "frac_time": 0.059617299577295266,
      "frac_spatial_diag": 0.9392497178973336,
      "frac_off": 0.001132982525371083,
      "frac_within_spatial_trace": 0.10380309569746089,
      "frac_within_spatial_TF": 0.8961969043025393
    },
    {
      "regime": "P5N64",
      "N": 64,
      "n_nodes_total": 256,
      "R_time_mean_abs": 0.052721564207624375,
      "R_time_median_abs": 0.020820092808184143,
      "R_time_p90_abs": 0.08854281433300454,
      "R_diag1_mean_abs": 0.09792849477829524,
      "R_diag1_median_abs": 0.009510129218955818,
      "R_diag1_p90_abs": 0.18437160613268702,
      "R_diag2_mean_abs": 0.09872587706900449,
      "R_diag2_median_abs": 0.00913538214712897,
      "R_diag2_p90_abs": 0.19247984359131642,
      "R_diag3_mean_abs": 0.1082084681867106,
      "R_diag3_median_abs": 0.015054927904244095,
      "R_diag3_p90_abs": 0.20941583253204776,
      "R_off_mean_abs": 0.00784424151630429,
      "R_off_median_abs": 0.006223362044579754,
      "R_off_p90_abs": 0.014357802331606682,
      "R_trace_mean_abs": 0.03452331314451369,
      "R_trace_median_abs": 0.008041811095287683,
      "R_trace_p90_abs": 0.05597925883298927,
      "R_TF_norm_mean_abs": 0.16437498189001673,
      "R_TF_norm_median_abs": 0.01239870087714312,
      "R_TF_norm_p90_abs": 0.3217837683891125,
      "mean_sq_total": 0.2928406456542538,
      "mean_sq_R_time": 0.015809103399047845,
      "mean_sq_R_diag_total": 0.2769337652550701,
      "mean_sq_R_off": 9.77770001358555e-05,
      "mean_sq_R_trace_x3": 0.029242169441979514,
      "mean_sq_R_TF_norm": 0.24769159581309053,
      "frac_time": 0.05398534538717373,
      "frac_spatial_diag": 0.9456807631206893,
      "frac_off": 0.00033389149213698026,
      "frac_within_spatial_trace": 0.10559264745144381,
      "frac_within_spatial_TF": 0.8944073525485561
    },
    {
      "regime": "P7",
      "N": 72,
      "n_nodes_total": 288,
      "R_time_mean_abs": 0.039328758586589026,
      "R_time_median_abs": 0.019214755339251377,
      "R_time_p90_abs": 0.06527528683155825,
      "R_diag1_mean_abs": 0.06105025587554712,
      "R_diag1_median_abs": 0.008458330405972426,
      "R_diag1_p90_abs": 0.08583766509724192,
      "R_diag2_mean_abs": 0.060955242783420426,
      "R_diag2_median_abs": 0.007868584064837002,
      "R_diag2_p90_abs": 0.08676285779735814,
      "R_diag3_mean_abs": 0.06799938939345344,
      "R_diag3_median_abs": 0.013098072171099335,
      "R_diag3_p90_abs": 0.09993694232015506,
      "R_off_mean_abs": 0.006096052335608491,
      "R_off_median_abs": 0.004874892385814747,
      "R_off_p90_abs": 0.011361815522531245,
      "R_trace_mean_abs": 0.022372993177972835,
      "R_trace_median_abs": 0.0071550778063806005,
      "R_trace_p90_abs": 0.023443155801672885,
      "R_TF_norm_mean_abs": 0.10143082818527947,
      "R_TF_norm_median_abs": 0.010209896041897586,
      "R_TF_norm_p90_abs": 0.15515007008882187,
      "mean_sq_total": 0.16348190699820173,
      "mean_sq_R_time": 0.009418973983028746,
      "mean_sq_R_diag_total": 0.15400439623387457,
      "mean_sq_R_off": 5.8536781298414776e-05,
      "mean_sq_R_trace_x3": 0.01633457566737468,
      "mean_sq_R_TF_norm": 0.1376698205664999,
      "frac_time": 0.05761477924974507,
      "frac_spatial_diag": 0.9420271579996226,
      "frac_off": 0.0003580627506324518,
      "frac_within_spatial_trace": 0.10606564531163527,
      "frac_within_spatial_TF": 0.8939343546883648
    },
    {
      "regime": "P8",
      "N": 84,
      "n_nodes_total": 336,
      "R_time_mean_abs": 0.02832471435831548,
      "R_time_median_abs": 0.01800204505240488,
      "R_time_p90_abs": 0.04797797857892844,
      "R_diag1_mean_abs": 0.028838693839032044,
      "R_diag1_median_abs": 0.006777364509230485,
      "R_diag1_p90_abs": 0.016714388647336105,
      "R_diag2_mean_abs": 0.028472901926414634,
      "R_diag2_median_abs": 0.005733124217064496,
      "R_diag2_p90_abs": 0.018623267098794905,
      "R_diag3_mean_abs": 0.03354981511688208,
      "R_diag3_median_abs": 0.009273317741755487,
      "R_diag3_p90_abs": 0.02917152000785962,
      "R_off_mean_abs": 0.004334179161603982,
      "R_off_median_abs": 0.0035534854753616852,
      "R_off_p90_abs": 0.007812678899169659,
      "R_trace_mean_abs": 0.01249695435146352,
      "R_trace_median_abs": 0.006189225558441426,
      "R_trace_p90_abs": 0.008419887632318077,
      "R_TF_norm_mean_abs": 0.04603930904321863,
      "R_TF_norm_median_abs": 0.0057883114392933005,
      "R_TF_norm_p90_abs": 0.038543048521110054,
      "mean_sq_total": 0.04926377670337002,
      "mean_sq_R_time": 0.00318778822655718,