{
  "method": "ratio_asymptote_structural",
  "branch_metadata": {
    "causal_wave_branch": "matter",
    "branch_rationale": "Emergent-GR matter-source repository default fallback",
    "schema": "worldformula/branch_metadata/v1"
  },
  "G_00_power_law": {
    "c0_log": 1.3035169430377818,
    "alpha": -1.3186177975826192,
    "R2": 0.9858501790202983,
    "asymptote": "G_00 -> 0 as N -> inf"
  },
  "T_00_power_law": {
    "c0_log": 0.3085556133189158,
    "alpha": -0.9178155119139899,
    "R2": 0.865291223720638,
    "asymptote": "T_00 -> alpha_xi^2 = 0.81"
  },
  "cross_regime_mean_N28plus": {
    "mean": 0.9787609086347762,
    "std": 0.01593160372085777,
    "median_ladder_N": 72.0
  },
  "asymptote_ratio": 1.0,
  "asymptote_provenance": "1 - G_00/T_00 -> 1 - 0/alpha_xi^2 = 1",
  "algebraic_candidates_for_0_97": {
    "1 - 3*gamma^2": 0.97,
    "alpha_xi + 7*gamma^2": 0.97,
    "1 - gamma^2 * 4/pi": 0.9872676045526484,
    "alpha_xi^2 / (alpha_xi^2 + 0.025)": 0.9700598802395209,
    "1/(1 + 3*gamma^2)": 0.970873786407767
  },
  "candidates_diff_vs_0_97": {
    "1 - 3*gamma^2": 0.0,
    "alpha_xi + 7*gamma^2": 0.0,
    "1 - gamma^2 * 4/pi": 0.01726760455264842,
    "alpha_xi^2 / (alpha_xi^2 + 0.025)": 5.988023952097077e-05,
    "1/(1 + 3*gamma^2)": 0.0008737864077670299
  },
  "free_fit_a_plus_b_over_N": {
    "a": 1.0029072791544655,
    "b": -1.5147304121511005,
    "R2": 0.9790038893252071
  },
  "constrained_fit_1_minus_b_over_N": {
    "a_fixed": 1.0,
    "b": 1.2428297809865272,
    "rms": 0.004911130001134584
  },
  "verdict": "NO_ALGEBRAIC_ASYMPTOTE_FOR_0_97",
  "interpretation": "0.97 is the cross-regime mean of a finite-N transient. The asymptote of Lambda_t/T_00 as N -> inf is 1, not 0.97. The finite-N correction is structural (Galerkin Hessian-Ricci residual) and decays as N^alpha with alpha ~ -1.2."
}
