{
  "method": "regime_invariance_per_within_regime_symanzik",
  "schema_version": "1.0.0",
  "sequences": {
    "P5_physics": [
      "P5_N50",
      "P5N64_N64",
      "P5N100_N100"
    ],
    "P6_physics": [
      "P6_N60",
      "P6N128_N128"
    ],
    "P8_physics": [
      "P8_N84",
      "P8N128_N128"
    ]
  },
  "fits_per_component_per_sequence": {
    "R_time_median_abs": {
      "P5_physics": {
        "n_pts": 3,
        "N_values": [
          50,
          64,
          100
        ],
        "values": [
          0.017785252454470324,
          0.019355526532131684,
          0.019101002351142315
        ],
        "d_inf": 0.019854235214864072,
        "c_2": -4.462764422850662
      },
      "P6_physics": {
        "n_pts": 2,
        "N_values": [
          60,
          128
        ],
        "values": [
          0.017349288981845346,
          0.014665545386705447
        ],
        "d_inf": 0.013909797816109105,
        "c_2": 12.382168196650463
      },
      "P8_physics": {
        "n_pts": 2,
        "N_values": [
          84,
          128
        ],
        "values": [
          0.019335568533904224,
          0.01668879320132055
        ],
        "d_inf": 0.01468668698919465,
        "c_2": 32.80250817947075
      }
    },
    "R_trace_median_abs": {
      "P5_physics": {
        "n_pts": 3,
        "N_values": [
          50,
          64,
          100
        ],
        "values": [
          0.008721462087279483,
          0.007361937238735381,
          0.006292229545212039
        ],
        "d_inf": 0.005447900337812853,
        "c_2": 8.105897803642108
      },
      "P6_physics": {
        "n_pts": 2,
        "N_values": [
          60,
          128
        ],
        "values": [
          0.007416441518277476,
          0.00592649058215429
        ],
        "d_inf": 0.005506917414910589,
        "c_2": 6.874286772120793
      },
      "P8_physics": {
        "n_pts": 2,
        "N_values": [
          84,
          128
        ],
        "values": [
          0.006370127125650165,
          0.0058196056005969665
        ],
        "d_inf": 0.005403173366380053,
        "c_2": 6.822825725409913
      }
    },
    "R_TF_norm_median_abs": {
      "P5_physics": {
        "n_pts": 3,
        "N_values": [
          50,
          64,
          100
        ],
        "values": [
          0.02322913209169715,
          0.012899771147410508,
          0.005773038548190224
        ],
        "d_inf": 0.0,
        "c_2": 56.69883069882466
      },
      "P6_physics": {
        "n_pts": 2,
        "N_values": [
          60,
          128
        ],
        "values": [
          0.011886787978922805,
          0.0036871810731432106
        ],
        "d_inf": 0.0013781553487371909,
        "c_2": 37.83107746866821
      },
      "P8_physics": {
        "n_pts": 2,
        "N_values": [
          84,
          128
        ],
        "values": [
          0.006591870922693815,
          0.003306828646052486
        ],
        "d_inf": 0.0008219167352483256,
        "c_2": 40.712796746615375
      }
    },
    "R_off_median_abs": {
      "P5_physics": {
        "n_pts": 3,
        "N_values": [
          50,
          64,
          100
        ],
        "values": [
          0.008445582726195432,
          0.005942346064444357,
          0.00346449456569553
        ],
        "d_inf": 0.0018341504898637488,
        "c_2": 16.596287679824073
      },
      "P6_physics": {
        "n_pts": 2,
        "N_values": [
          60,
          128
        ],
        "values": [
          0.006148126523970458,
          0.002327751737440988
        ],
        "d_inf": 0.001251926547241826,
        "c_2": 17.626319916223075
      },
      "P8_physics": {
        "n_pts": 2,
        "N_values": [
          84,
          128
        ],
        "values": [
          0.0039562131912611355,
          0.002202490385792306
        ],
        "d_inf": 0.000875917903439384,
        "c_2": 21.734563550870277
      }
    }
  }
}