{
  "method": "stage6h_slaving_break_predictor",
  "branch_metadata": {
    "causal_wave_branch": "running",
    "regimes_used": [
      "P5",
      "P5N64",
      "P5N72",
      "P5N84",
      "P5N100",
      "P5N200",
      "P5N300",
      "P5N512",
      "P5N256"
    ],
    "branch_rationale": "K/Q closure stage; chirality-running coefficient diagnostic",
    "schema": "worldformula/branch_metadata/v1"
  },
  "schema_version": "1.0.0",
  "lambda_t": 0.81,
  "lambda_s": -0.005,
  "n_flip": 173.20508075688772,
  "ladder_within_p5_only": [
    "P5",
    "P5N64",
    "P5N72",
    "P5N84",
    "P5N100",
    "P5N200",
    "P5N300",
    "P5N512",
    "P5N256"
  ],
  "regimes": [
    {
      "n_seeds": 28,
      "pearson_mean": {
        "eps_K_vs_delta": 0.018045610832149398,
        "eps_K_vs_rho": -0.017061333560354653,
        "eps_K_vs_R": 0.016079011420022694,
        "eps_K_vs_t00": 0.008194349157820665,
        "eps_K_vs_eps_Q": -0.01593195658353925,
        "delta_vs_rho": -0.19899262621398378,
        "delta_vs_R": 0.8835591994446492
      },
      "pearson_std": {
        "eps_K_vs_delta": 0.1542702682437826,
        "eps_K_vs_rho": 0.15214793387890116,
        "eps_K_vs_R": 0.1294337980051666,
        "eps_K_vs_t00": 0.13588717577373358,
        "eps_K_vs_eps_Q": 0.13789553304078445,
        "delta_vs_rho": 0.10793229954819543,
        "delta_vs_R": 0.11756792168930791
      },
      "spearman_mean": {
        "eps_K_vs_delta": 0.03985594237695078,
        "eps_K_vs_rho": -0.004235980106328246,
        "eps_K_vs_R": 0.028300463042359798
      },
      "layer_jaccard_eps_vs_delta": {
        "Csup": {
          "top0_1": 0.0
        },
        "C99_9": {
          "top0_1": 0.0
        },
        "C99_5": {
          "top0_5": 0.0
        },
        "C99": {
          "top1": 0.0
        },
        "C95": {
          "top5": 0.04285714285714286
        }
      },
      "layer_rho_shift": {
        "Csup": -0.0978092165607216,
        "C99_9": -0.0978092165607216,
        "C99_5": -0.0978092165607216,
        "C99": -0.0978092165607216,
        "C95": -0.058823966794813484
      },
      "layer_psi_sq_fraction": {
        "Csup": 0.02021638026076068,
        "C99_9": 0.02021638026076068,
        "C99_5": 0.02021638026076068,
        "C99": 0.02021638026076068,
        "C95": 0.06038599054259884
      },
      "regime": "P5",
      "N": 50,
      "phase": "PRE",
      "sin2t": 0.1
    },
    {
      "n_seeds": 24,
      "pearson_mean": {
        "eps_K_vs_delta": -0.016413910011689094,
        "eps_K_vs_rho": 0.005047315784343447,
        "eps_K_vs_R": 0.0018749712056244973,
        "eps_K_vs_t00": -0.0015153995881500848,
        "eps_K_vs_eps_Q": -0.010264356360168087,
        "delta_vs_rho": -0.15659234311746803,
        "delta_vs_R": 0.8708543030600538
      },
      "pearson_std": {
        "eps_K_vs_delta": 0.11186856961619006,
        "eps_K_vs_rho": 0.10314611450592785,
        "eps_K_vs_R": 0.11985336469120868,
        "eps_K_vs_t00": 0.11833763657810543,
        "eps_K_vs_eps_Q": 0.12083570940571965,
        "delta_vs_rho": 0.10477213179727381,
        "delta_vs_R": 0.10780428918853248
      },
      "spearman_mean": {
        "eps_K_vs_delta": 0.03786057692307692,
        "eps_K_vs_rho": 0.00546016483516483,
        "eps_K_vs_R": 0.026577762515262515
      },
      "layer_jaccard_eps_vs_delta": {
        "Csup": {
          "top0_1": 0.0
        },
        "C99_9": {
          "top0_1": 0.0
        },
        "C99_5": {
          "top0_5": 0.0
        },
        "C99": {
          "top1": 0.0
        },
        "C95": {
          "top5": 0.023809523809523808
        }
      },
      "layer_rho_shift": {
        "Csup": -0.07117435037483817,
        "C99_9": -0.07117435037483817,
        "C99_5": -0.07117435037483817,
        "C99": -0.07117435037483817,
        "C95": -0.07961672719953579
      },
      "layer_psi_sq_fraction": {
        "Csup": 0.015857889669212203,
        "C99_9": 0.015857889669212203,
        "C99_5": 0.015857889669212203,
        "C99": 0.015857889669212203,
        "C95": 0.06326635527946141
      },
      "regime": "P5N64",
      "N": 64,
      "phase": "PRE",
      "sin2t": 0.14670728762307095
    },
    {
      "n_seeds": 24,
      "pearson_mean": {
        "eps_K_vs_delta": -0.004307737545488369,
        "eps_K_vs_rho": 0.03157200656188162,
        "eps_K_vs_R": 0.02835109906558572,
        "eps_K_vs_t00": 0.0012251614175938647,
        "eps_K_vs_eps_Q": 0.0054213955823471105,
        "delta_vs_rho": -0.17278220367825448,
        "delta_vs_R": 0.8862559326755233
      },
      "pearson_std": {
        "eps_K_vs_delta": 0.08978445043366987,
        "eps_K_vs_rho": 0.08154728859109132,
        "eps_K_vs_R": 0.12495401661093386,
        "eps_K_vs_t00": 0.10023921569246334,
        "eps_K_vs_eps_Q": 0.11976887447444948,
        "delta_vs_rho": 0.10085241704262383,
        "delta_vs_R": 0.09555835231494779
      },
      "spearman_mean": {
        "eps_K_vs_delta": 0.02163456385190902,
        "eps_K_vs_rho": 0.038512658906253355,
        "eps_K_vs_R": 0.0384336077346882
      },
      "layer_jaccard_eps_vs_delta": {
        "Csup": {
          "top0_1": 0.0
        },
        "C99_9": {
          "top0_1": 0.0
        },
        "C99_5": {
          "top0_5": 0.0
        },
        "C99": {
          "top1": 0.0
        },
        "C95": {
          "top5": 0.023809523809523808
        }
      },
      "layer_rho_shift": {
        "Csup": -0.1315582495614032,
        "C99_9": -0.1315582495614032,
        "C99_5": -0.1315582495614032,
        "C99": -0.1315582495614032,
        "C95": -0.09914101851400166
      },
      "layer_psi_sq_fraction": {
        "Csup": 0.014069149616203256,
        "C99_9": 0.014069149616203256,
        "C99_5": 0.014069149616203256,
        "C99": 0.014069149616203256,
        "C95": 0.055946590132817275
      },
      "regime": "P5N72",
      "N": 72,
      "phase": "PRE",
      "sin2t": 0.17474435745877442
    },
    {
      "n_seeds": 24,
      "pearson_mean": {
        "eps_K_vs_delta": 0.004304458597287158,
        "eps_K_vs_rho": 0.022907523055957155,
        "eps_K_vs_R": 0.0037361923940575545,
        "eps_K_vs_t00": 0.019434487995352957,
        "eps_K_vs_eps_Q": -0.008986924015205842,
        "delta_vs_rho": -0.10786549058953147,
        "delta_vs_R": 0.894971065890083
      },
      "pearson_std": {
        "eps_K_vs_delta": 0.11466849760780573,
        "eps_K_vs_rho": 0.09796726231385502,
        "eps_K_vs_R": 0.10070499195040811,
        "eps_K_vs_t00": 0.09449408849518331,
        "eps_K_vs_eps_Q": 0.10932959981073738,
        "delta_vs_rho": 0.10265155529742563,
        "delta_vs_R": 0.08359209435760777
      },
      "spearman_mean": {
        "eps_K_vs_delta": -0.018883095406837438,
        "eps_K_vs_rho": 0.03640865984948197,
        "eps_K_vs_R": -0.01092774459181263
      },
      "layer_jaccard_eps_vs_delta": {
        "Csup": {
          "top0_1": 0.0
        },
        "C99_9": {
          "top0_1": 0.0
        },
        "C99_5": {
          "top0_5": 0.0
        },
        "C99": {
          "top1": 0.0
        },
        "C95": {
          "top5": 0.028935185185185185
        }
      },
      "layer_rho_shift": {
        "Csup": -0.03397357232804712,
        "C99_9": -0.03397357232804712,
        "C99_5": -0.03397357232804712,
        "C99": -0.03397357232804712,
        "C95": -0.06347067317030648
      },
      "layer_psi_sq_fraction": {
        "Csup": 0.011960757477275173,
        "C99_9": 0.011960757477275173,
        "C99_5": 0.011960757477275173,
        "C99": 0.011960757477275173,
        "C95": 0.059610113839995114
      },
      "regime": "P5N84",
      "N": 84,
      "phase": "PRE",
      "sin2t": 0.21759101921183788
    },
    {
      "n_seeds": 24,
      "pearson_mean": {
        "eps_K_vs_delta": 0.0009299637104517438,
        "eps_K_vs_rho": 0.031503973146933144,
        "eps_K_vs_R": 0.012434324413500794,