{
  "method": "stage2_distinguish_asym_candidates",
  "branch_metadata": {
    "causal_wave_branch": "matter",
    "branch_rationale": "Emergent-GR matter-source repository default fallback",
    "schema": "worldformula/branch_metadata/v1"
  },
  "candidate_A_pi_gamma2_over_2": -0.015707963267948967,
  "candidate_B_beta_pi_minus_1_over_4": -0.015625,
  "separation_abs": 8.296326794896697e-05,
  "current_a_inf_mean": -0.015690939819336766,
  "current_a_inf_unc": 0.0050877295938702195,
  "sigma_to_A": 0.0033459814044974065,
  "sigma_to_B": 0.012960558952702882,
  "current_resolving_power_sigma": 0.016306540357200288,
  "weighted_combination_w_fit": 0.7948074005152196
}
