{
  "method": "stage6d_kq_functional_regression",
  "branch_metadata": {
    "causal_wave_branch": "running",
    "regimes_used": [
      "P5N64",
      "P5N72",
      "P5N84",
      "P5N100",
      "P5N128",
      "P5N200"
    ],
    "branch_rationale": "K/Q closure stage; chirality-running coefficient diagnostic",
    "schema": "worldformula/branch_metadata/v1"
  },
  "rows": [
    {
      "regime": "P5N64",
      "N": 64,
      "n_seeds": 12,
      "feature_names": [
        "const",
        "Xi_ij",
        "|psi_i*psi_j|",
        "|psi_i|^2+|psi_j|^2",
        "d_ij",
        "Re(psi_i psi_j*)",
        "Im(psi_i psi_j*)",
        "Xi_ij * |psi_i psi_j*|",
        "Xi_ij^2"
      ],
      "coef_K_mean": [
        1.3201801698726723,
        0.19168884341220713,
        3.9573551429850835,
        -1.9639249808911876,
        0.0016569586719285877,
        0.0016476688757150661,
        -5.51000865455107e-17,
        -0.38579542959557833,
        -0.13419722030278403
      ],
      "coef_K_std": [
        0.043793660254364424,
        0.7278692445146979,
        13.489684784292903,
        6.738662387400822,
        0.001536776691987433,
        0.008798251591802886,
        2.1351022534702802e-16,
        3.181197457004234,
        0.10841416998780157
      ],
      "coef_Q_mean": [
        0.08089912933829334,
        1.9468680188174783,
        -3.931406576246957,
        2.0557799660615834,
        0.014625310868857612,
        0.00023323976641837288,
        2.1285598950481913e-19,
        -2.6255737851616323,
        -0.5395813635727734
      ],
      "coef_Q_std": [
        0.1278887723646307,
        0.8924033890953535,
        18.35362756672712,
        9.306343675110828,
        0.001560379163592494,
        0.007242103849242418,
        1.6552015530165666e-16,
        3.189628256007348,
        0.36107786872133485
      ],
      "R2_K_mean": 0.004463711834460343,
      "R2_Q_mean": 0.4581105043317885,
      "rms_K_mean": 0.09658634342307311,
      "rms_Q_mean": 0.11227906711106615
    },
    {
      "regime": "P5N72",
      "N": 72,
      "n_seeds": 12,
      "feature_names": [
        "const",
        "Xi_ij",
        "|psi_i*psi_j|",
        "|psi_i|^2+|psi_j|^2",
        "d_ij",
        "Re(psi_i psi_j*)",
        "Im(psi_i psi_j*)",
        "Xi_ij * |psi_i psi_j*|",
        "Xi_ij^2"
      ],
      "coef_K_mean": [
        1.335735014431202,
        -0.2288598438594688,
        3.9355455598038964,
        -1.9808204876928925,
        0.00117737106877842,
        0.0010958772582650704,
        3.6846720136771264e-17,
        1.2912587478123483,
        -0.10067520846690316
      ],
      "coef_K_std": [
        0.061556992402098415,
        0.6102259709006782,
        16.50213287271706,
        8.218476155476353,
        0.000793923371946971,
        0.009267639431433973,
        2.280774867145997e-16,
        2.562022015945986,
        0.07658516991286021
      ],
      "coef_Q_mean": [
        0.12304672264540419,
        2.146520787734731,
        2.159858999642705,
        -1.0610697824908255,
        0.014059384492205491,
        0.002312113665812703,
        -3.3475032397619343e-17,
        -4.416193659227427,
        -0.24167882735772742
      ],
      "coef_Q_std": [
        0.06409973675973434,
        1.2142200945630817,
        18.770417164746455,
        9.422836941397295,
        0.001865818676932165,
        0.010728822369585203,
        2.319615418700874e-16,
        5.183243010385325,
        0.2690068319614218
      ],
      "R2_K_mean": 0.003053490818902734,
      "R2_Q_mean": 0.43001649976221773,
      "rms_K_mean": 0.09787615678589523,
      "rms_Q_mean": 0.11207901719408951
    },
    {
      "regime": "P5N84",
      "N": 84,
      "n_seeds": 12,
      "feature_names": [
        "const",
        "Xi_ij",
        "|psi_i*psi_j|",
        "|psi_i|^2+|psi_j|^2",
        "d_ij",
        "Re(psi_i psi_j*)",
        "Im(psi_i psi_j*)",
        "Xi_ij * |psi_i psi_j*|",
        "Xi_ij^2"
      ],
      "coef_K_mean": [
        1.3462049828695506,
        -0.050568520176573956,
        5.50830460723796,
        -2.7830924229715577,
        0.0007283958421918296,
        0.004204317246738321,
        4.630486480134542e-18,
        0.5516397533367832,
        -0.12485189740760556
      ],
      "coef_K_std": [
        0.07418759638331922,
        0.48169187232628397,
        14.313263274899569,
        7.154548830668445,
        0.0010613246515746922,
        0.00727929005425933,
        6.760132394343937e-17,
        2.1109310468545086,
        0.0898305173013705
      ],
      "coef_Q_mean": [
        0.11998076876783519,
        1.9713496269210422,
        2.805730438124114,
        -1.34377028197867,
        0.01214363575511789,
        0.0038987240765777803,
        2.812928178451274e-17,
        -3.787635765566426,
        -0.2285251060052916
      ],
      "coef_Q_std": [
        0.07952504832714466,
        1.2235586906796352,
        14.571675451306517,
        7.346162719335167,
        0.0017879007343937138,
        0.00714233789065255,
        6.209857866643695e-17,
        4.799038318196199,
        0.33486224178076396
      ],
      "R2_K_mean": 0.002487358042953349,
      "R2_Q_mean": 0.4069185968757514,
      "rms_K_mean": 0.09727797675517187,
      "rms_Q_mean": 0.10944200496476443
    },
    {
      "regime": "P5N100",
      "N": 100,
      "n_seeds": 12,
      "feature_names": [
        "const",
        "Xi_ij",
        "|psi_i*psi_j|",
        "|psi_i|^2+|psi_j|^2",
        "d_ij",
        "Re(psi_i psi_j*)",
        "Im(psi_i psi_j*)",
        "Xi_ij * |psi_i psi_j*|",
        "Xi_ij^2"
      ],
      "coef_K_mean": [
        1.345969619093716,
        0.10341804662504729,
        2.1423744155516835,
        -1.0874011637201635,
        3.336117393966377e-05,
        0.004418172956496563,
        5.3298738583385505e-17,
        -0.38766202184565124,
        -0.03078714452828707
      ],
      "coef_K_std": [
        0.0611504431960843,
        0.5797946909802992,
        8.649425127963916,
        4.362220429208484,
        0.0007704093161592153,
        0.009135960919089471,
        9.036896781272673e-17,
        2.5465179160569975,
        0.068625464329011
      ],
      "coef_Q_mean": [
        0.16328055586122825,
        1.8389363948745043,
        7.58314805216293,
        -3.8000660058936604,
        0.010585570860142342,
        -0.0010738364599006704,
        -4.0571297994752106e-17,
        -3.2827262912269606,
        -0.24363307268214862
      ],
      "coef_Q_std": [
        0.0743009888375061,
        0.8967290951871053,
        16.465842581131394,
        8.247342495079689,
        0.0013094320445754424,
        0.009044782959154042,
        1.0761488286961804e-16,
        3.130411220296558,
        0.2643438555435871
      ],
      "R2_K_mean": 0.001239238535534204,
      "R2_Q_mean": 0.37281240400282784,
      "rms_K_mean": 0.09778027461917453,
      "rms_Q_mean": 0.10883964666078431
    },
    {
      "regime": "P5N128",
      "N": 128,
      "n_seeds": 12,
      "feature_names": [
        "const",
        "Xi_ij",
        "|psi_i*psi_j|",
        "|psi_i|^2+|psi_j|^2",
        "d_ij",
        "Re(psi_i psi_j*)",
        "Im(psi_i psi_j*)",
        "Xi_ij * |psi_i psi_j*|",
        "Xi_ij^2"
      ],
      "coef_K_mean": [
        1.3063020067143127,
        0.3063941740575618,
        3.588844916042514,
        -1.7798135948908864,
        0.00015984709192156025,
        0.0038851417447856446,
        -3.7895911785136694e-17,
        -1.1872515094999097,
        -0.08257947314388674
      ],
      "coef_K_std": [
        0.059470037989248416,
        0.4979181188631543,
        18.220280989062807,
        9.129507980402098,
        0.000426295940332242,
        0.008001219237893348,
        1.7880338183386497e-16,
        2.276065917400377,
        0.04737115348780903
      ],