{
  "method": "stage6f_fine_percentile_audit",
  "branch_metadata": {
    "causal_wave_branch": "running",
    "regimes_used": [
      "P5",
      "P5N64",
      "P5N72",
      "P5N84",
      "P5N100",
      "P5N128",
      "P5N200",
      "P5N256",
      "P5N300",
      "P5N512",
      "P6",
      "P7",
      "P8",
      "P6N128",
      "P8N128"
    ],
    "branch_rationale": "K/Q closure stage; chirality-running coefficient diagnostic",
    "schema": "worldformula/branch_metadata/v1"
  },
  "schema_version": "1.0.0",
  "lambda_t": 0.81,
  "lambda_s": -0.005,
  "percentiles": [
    "median",
    "mean",
    "p90",
    "p91",
    "p92",
    "p93",
    "p94",
    "p95",
    "p96",
    "p97",
    "p98",
    "p99",
    "p99_5",
    "p99_9",
    "sup"
  ],
  "ladder_skipped": [
    "P5N128 (K/Q persistence bug)"
  ],
  "regimes": [
    {
      "regime": "P5",
      "N": 50,
      "n_seeds": 28,
      "n_node": 1400,
      "percentiles": {
        "median": 0.043937591516522705,
        "mean": 0.14945238050535486,
        "p90": 0.5411852328944521,
        "p91": 0.6127170962139142,
        "p92": 0.6534739530817834,
        "p93": 0.6809688142122488,
        "p94": 0.7200173618056968,
        "p95": 0.7552544831515083,
        "p96": 0.8079452239383587,
        "p97": 0.8449901690781213,
        "p98": 0.8846529981455366,
        "p99": 0.9373879750710788,
        "p99_5": 0.954724540785639,
        "p99_9": 0.9905696534362961,
        "sup": 1.0091640380859135
      }
    },
    {
      "regime": "P5N64",
      "N": 64,
      "n_seeds": 24,
      "n_node": 1536,
      "percentiles": {
        "median": 0.03682638810570293,
        "mean": 0.11376279941935112,
        "p90": 0.3438454710764568,
        "p91": 0.3783922669523197,
        "p92": 0.4694704249619192,
        "p93": 0.5437848878269718,
        "p94": 0.6130939051255959,
        "p95": 0.6565537141548416,
        "p96": 0.724879524228215,
        "p97": 0.7842737389143934,
        "p98": 0.8493273672669815,
        "p99": 0.920395735053434,
        "p99_5": 0.9498083964927629,
        "p99_9": 0.9920910949898356,
        "sup": 0.9947823131557295
      }
    },
    {
      "regime": "P5N72",
      "N": 72,
      "n_seeds": 24,
      "n_node": 1728,
      "percentiles": {
        "median": 0.03488427776247639,
        "mean": 0.08823640233662194,
        "p90": 0.2238197564751119,
        "p91": 0.25354308203077125,
        "p92": 0.28493254718854083,
        "p93": 0.3194677667377276,
        "p94": 0.388517853601787,
        "p95": 0.4355308404386183,
        "p96": 0.5053519093887453,
        "p97": 0.5731578970288776,
        "p98": 0.733525793183095,
        "p99": 0.8247441199735432,
        "p99_5": 0.8816658468762985,
        "p99_9": 0.9180611608230088,
        "sup": 0.9311264022802856
      }
    },
    {
      "regime": "P5N84",
      "N": 84,
      "n_seeds": 24,
      "n_node": 2016,
      "percentiles": {
        "median": 0.03414291181157471,
        "mean": 0.07856849314672242,
        "p90": 0.15273584688777816,
        "p91": 0.17911420517353804,
        "p92": 0.21090416955962749,
        "p93": 0.23891835012059942,
        "p94": 0.2980086564596808,
        "p95": 0.36550531739398057,
        "p96": 0.45462590166012745,
        "p97": 0.5441975764893259,
        "p98": 0.6932366715719378,
        "p99": 0.8145080123035316,
        "p99_5": 0.8468297274205799,
        "p99_9": 0.921350695233682,
        "sup": 0.9549038031176024
      }
    },
    {
      "regime": "P5N100",
      "N": 100,
      "n_seeds": 24,
      "n_node": 2400,
      "percentiles": {
        "median": 0.031004731225603113,
        "mean": 0.06724761021284208,
        "p90": 0.11089792322058639,
        "p91": 0.1352969819098684,
        "p92": 0.16093507106391164,
        "p93": 0.18577023808910895,
        "p94": 0.22548304091671054,
        "p95": 0.2878111796710896,
        "p96": 0.39931111136297964,
        "p97": 0.5064592611924249,
        "p98": 0.6236076582535826,
        "p99": 0.7262424964985628,
        "p99_5": 0.7762889774946161,
        "p99_9": 0.8925327874717177,
        "sup": 0.9327636322236049
      }
    },
    {
      "regime": "P5N128",
      "N": 128,
      "n_seeds": 12,
      "n_node": 1536,
      "percentiles": {
        "median": 0.03338988489924392,
        "mean": 0.047092938197801026,
        "p90": 0.0869775136811912,
        "p91": 0.0916950178015417,
        "p92": 0.0938257894757444,
        "p93": 0.0962785504573493,
        "p94": 0.10041457662733504,
        "p95": 0.10651941815057926,
        "p96": 0.112168283237838,
        "p97": 0.12500796924594706,
        "p98": 0.17386902508410929,
        "p99": 0.27512983305599076,
        "p99_5": 0.40258587289128467,
        "p99_9": 0.6010359925901565,
        "sup": 0.6797371248108057
      }
    },
    {
      "regime": "P5N200",
      "N": 200,
      "n_seeds": 8,
      "n_node": 1600,
      "percentiles": {
        "median": 0.02419080273813555,
        "mean": 0.03659175601090161,
        "p90": 0.053008254856740974,
        "p91": 0.0555413923383784,
        "p92": 0.05903651920729349,
        "p93": 0.06401969904399539,
        "p94": 0.07361144714715688,
        "p95": 0.08371445977431499,
        "p96": 0.1043381114736647,
        "p97": 0.13366133481555723,
        "p98": 0.1903654683371204,
        "p99": 0.32425911127156964,
        "p99_5": 0.45979853932925946,
        "p99_9": 0.5984917567258544,
        "sup": 0.6133608116093608
      }
    },
    {
      "regime": "P5N256",
      "N": 256,
      "n_seeds": 12,
      "n_node": 3072,
      "percentiles": {
        "median": 0.023747595818453086,
        "mean": 0.03306443470035796,
        "p90": 0.06059956534325699,
        "p91": 0.0645271465063932,
        "p92": 0.06927561612604025,
        "p93": 0.07409665399107337,
        "p94": 0.07918008957600572,
        "p95": 0.0845541535367392,
        "p96": 0.09227660628769961,
        "p97": 0.10021467946890826,
        "p98": 0.11598409166349925,
        "p99": 0.17264050162628333,
        "p99_5": 0.19957029199294155,
        "p99_9": 0.4445875825993521,
        "sup": 0.7091383164987655
      }
    },
    {
      "regime": "P5N300",
      "N": 300,
      "n_seeds": 12,
      "n_node": 3600,
      "percentiles": {
        "median": 0.022981064801324856,
        "mean": 0.02969426997656566,
        "p90": 0.04942623330377294,
        "p91": 0.05073807399859942,
        "p92": 0.05262389610885077,
        "p93": 0.056192254471121195,
        "p94": 0.05949779334862023,
        "p95": 0.06390909621411428,
        "p96": 0.0708995503442046,
        "p97": 0.0856506815339293,
        "p98": 0.10251098563362834,
        "p99": 0.15049712416601763,
        "p99_5": 0.20379530612310565,
        "p99_9": 0.35787071866887826,
        "sup": 0.40700847900659975
      }
    },
    {
      "regime": "P5N512",
      "N": 512,
      "n_seeds": 12,
      "n_node": 6144,
      "percentiles": {
        "median": 0.025055124912059037,
        "mean": 0.03290039206591786,
        "p90": 0.06311990583386072,
        "p91": 0.0655500786480989,
        "p92": 0.06924270228071681,
        "p93": 0.07287204095792975,
        "p94": 0.0774370123900446,
        "p95": 0.08215891010291312,
        "p96": 0.08832025562165395,
        "p97": 0.09578443838423234,
        "p98": 0.10554932312147909,
        "p99": 0.12260242037017388,
        "p99_5": 0.14392714468363932,
        "p99_9": 0.22338109578542065,
        "sup": 0.503604013051141
      }
    },
    {
      "regime": "P6",
      "N": 60,
      "n_seeds": 28,
      "n_node": 1680,
      "percentiles": {
        "median": 0.035908742737064694,
        "mean": 0.10019447004092213,
        "p90": 0.29055862776382135,
        "p91": 0.32312341655467164,
        "p92": 0.36858592879250224,
        "p93": 0.41958513538673065,
        "p94": 0.49681847710945903,
        "p95": 0.5538311411084318,
        "p96": 0.6381698938865246,
        "p97": 0.7299830398424719,