{
  "method": "symanzik_standard_vs_power_law_form_comparison",
  "branch_metadata": {
    "causal_wave_branch": "neutral_internal",
    "branch_rationale": "Internal structural / framework-internal diagnostic; branch-blind algebraic or seed-level test",
    "schema": "worldformula/branch_metadata/v1"
  },
  "schema_version": "1.0.0",
  "reference": "PDG 2024 Lattice QCD Review (Phys. Rev. D 110, 030001), pp. 351-354",
  "per_observable": {
    "raw_med": {
      "n_pts": 5,
      "fit_symanzik_2_4": {
        "d_inf": 0.04552208112028454,
        "c_2": -136.60267036174793,
        "c_4": 373585.2038252352,
        "ss_res": 4.463506499752722e-05,
        "R_squared": 0.1433714495412879,
        "predicted_at_N_128": 0.03857622912604708,
        "predicted_at_N_1000": 0.04538585203512662
      },
      "fit_symanzik_2": {
        "d_inf": 0.03372584869635098,
        "c_2": 4.755881248180395,
        "ss_res": 5.1629013365215926e-05,
        "R_squared": 0.0091447859858933,
        "predicted_at_N_128": 0.03401612465144011,
        "predicted_at_N_1000": 0.03373060457759916
      },
      "fit_linear_1overN": {
        "d_inf": 0.033510749807665,
        "c_1": 0.08261251527368352,
        "ss_res": 5.190471448554436e-05,
        "R_squared": 0.0038535771329462065,
        "predicted_at_N_128": 0.03415616008324065,
        "predicted_at_N_1000": 0.03359336232293868
      },
      "fit_power_law": {
        "d_inf": 0.02938088662741073,
        "alpha": 0.1,
        "A": 0.00808692643951392,
        "ss_res": 5.20692852916832e-05,
        "R_squared": 0.0006951623055375666,
        "predicted_at_N_128": 0.03435897378098016,
        "predicted_at_N_1000": 0.033433950918177954
      }
    },
    "raw_mean": {
      "n_pts": 5,
      "fit_symanzik_2_4": {
        "d_inf": 0.00381130324999416,
        "c_2": 771.4127753245426,
        "c_4": -1652583.568508678,
        "ss_res": 0.0015586887067252277,
        "R_squared": 0.27341692872204504,
        "predicted_at_N_128": 0.04473824899001082,
        "predicted_at_N_1000": 0.0045810634417501935
      },
      "fit_symanzik_2": {
        "d_inf": 0.05599286631645175,
        "c_2": 146.10209046124226,
        "ss_res": 0.0016955466307160033,
        "R_squared": 0.20962057842265702,
        "predicted_at_N_128": 0.0649102302362053,
        "predicted_at_N_1000": 0.056138968406912994
      },
      "fit_linear_1overN": {
        "d_inf": 0.029650927845416394,
        "c_1": 3.9870949189386935,
        "ss_res": 0.001677529336532041,
        "R_squared": 0.2180193439284428,
        "predicted_at_N_128": 0.06080010689962494,
        "predicted_at_N_1000": 0.03363802276435509
      },
      "fit_power_law": {
        "d_inf": 0.0,
        "alpha": 0.6430379746835443,
        "A": 1.3348792344359348,
        "ss_res": 0.0016743572205244835,
        "R_squared": 0.21949802647825323,
        "predicted_at_N_128": 0.05894214629922458,
        "predicted_at_N_1000": 0.015715494577534135
      }
    },
    "B_med": {
      "n_pts": 5,
      "fit_symanzik_2_4": {
        "d_inf": 0.03873427331590874,
        "c_2": -67.95667385340255,
        "c_4": 192576.9622028378,
        "ss_res": 4.761502905486879e-05,
        "R_squared": 0.04734942031333411,
        "predicted_at_N_128": 0.03530393219803753,
        "predicted_at_N_1000": 0.03866650921901754
      },
      "fit_symanzik_2": {
        "d_inf": 0.03265351159842261,
        "c_2": 4.9113095990893845,
        "ss_res": 4.947348277498064e-05,
        "R_squared": 0.010166685178483625,
        "predicted_at_N_128": 0.032953274147195157,
        "predicted_at_N_1000": 0.032658422908021706
      },
      "fit_linear_1overN": {
        "d_inf": 0.03219402102632884,
        "c_1": 0.10274361502023993,
        "ss_res": 4.9671055858829876e-05,
        "R_squared": 0.006213771222628117,
        "predicted_at_N_128": 0.032996705518674466,
        "predicted_at_N_1000": 0.03229676464134908
      },
      "fit_power_law": {
        "d_inf": 0.028802317045511734,
        "alpha": 0.24810126582278483,
        "A": 0.013949056103968235,
        "ss_res": 4.9818953505775804e-05,
        "R_squared": 0.003254731148642831,
        "predicted_at_N_128": 0.03298777863022007,
        "predicted_at_N_1000": 0.0313155979038051
      }
    },
    "B_mean": {
      "n_pts": 5,
      "fit_symanzik_2_4": {
        "d_inf": 0.018646386177388525,
        "c_2": 283.1514300744956,
        "c_4": -638611.5586982672,
        "ss_res": 0.00031473287671079556,
        "R_squared": 0.15274016965843096,
        "predicted_at_N_128": 0.03354956451029202,
        "predicted_at_N_1000": 0.018928898995904324
      },
      "fit_symanzik_2": {
        "d_inf": 0.03881102411775869,
        "c_2": 41.511225766040226,
        "ss_res": 0.00033516985281121836,
        "R_squared": 0.09772389972025775,
        "predicted_at_N_128": 0.04134466826851798,
        "predicted_at_N_1000": 0.03885253534352473
      },
      "fit_linear_1overN": {
        "d_inf": 0.031249066236881607,
        "c_1": 1.138528311946816,
        "ss_res": 0.0003333347476032515,
        "R_squared": 0.1026639966793359,
        "predicted_at_N_128": 0.0401438186739661,
        "predicted_at_N_1000": 0.032387594548828426
      },
      "fit_power_law": {
        "d_inf": 0.0025742032163111757,
        "alpha": 0.34683544303797464,
        "A": 0.1967826697648893,
        "ss_res": 0.0003329424762907076,
        "R_squared": 0.10371998971440488,
        "predicted_at_N_128": 0.03914477452540895,
        "predicted_at_N_1000": 0.020500084637719625
      }
    }
  }
}
