{
  "method": "matter_core_residual_functional_identity_test",
  "branch_metadata": {
    "causal_wave_branch": "neutral_internal",
    "branch_rationale": "Tail / cluster / spectral-truncation diagnostic; branch-blind statistical structure",
    "schema": "worldformula/branch_metadata/v1"
  },
  "schema_version": "1.0.0",
  "lambda_t": 0.81,
  "lambda_s": -0.005,
  "tail_fraction": 0.1,
  "feature_keys": [
    "T_00",
    "grad_T_00",
    "omega_a",
    "psi_sq",
    "xi_max",
    "T_grad_T",
    "T_00_sq"
  ],
  "per_regime_fits": {
    "tail": {
      "P5_N50": {
        "n": 20,
        "r_squared": 0.9605561684210738,
        "coeffs_intercept_then_features": [
          0.7609252519206406,
          0.47756832992256215,
          0.10197380304157962,
          0.03949978434098274,
          -0.006164797744738326,
          -0.03589431068353624,
          -0.17762225797564324,
          -0.2959109464756696
        ],
        "feature_keys": [
          "T_00",
          "grad_T_00",
          "omega_a",
          "psi_sq",
          "xi_max",
          "T_grad_T",
          "T_00_sq"
        ],
        "feature_means": [
          1.2911105661826272,
          1.3827963557097471,
          42.45624220565407,
          0.256212107840717,
          0.9112061526041828,
          2.1017210280940897,
          1.7778205501044362
        ],
        "feature_stds": [
          0.3329475273923468,
          1.0738997805161323,
          19.18986717505722,
          0.010373409014993167,
          0.08922085764587105,
          2.265559999154569,
          1.0620723195916157
        ]
      },
      "P6_N60": {
        "n": 24,
        "r_squared": 0.9677236962812833,
        "coeffs_intercept_then_features": [
          0.3973160861720896,
          0.6274831810786463,
          0.1226682886277914,
          -0.03858648567677677,
          -0.017893035310911576,
          0.04705508430198137,
          -0.0930091404247394,
          -0.4711067725589014
        ],
        "feature_keys": [
          "T_00",
          "grad_T_00",
          "omega_a",
          "psi_sq",
          "xi_max",
          "T_grad_T",
          "T_00_sq"
        ],
        "feature_means": [
          0.9678265341837732,
          0.3497069946242763,
          30.914273590259047,
          0.2458115760152161,
          0.849219146150688,
          0.380524677261233,
          0.9521542619949726
        ],
        "feature_stds": [
          0.1243626218968005,
          0.35628402263172476,
          19.58385067785508,
          0.008965272900613361,
          0.11458432443306715,
          0.46553117510966496,
          0.27036187537221534
        ]
      },
      "P5N64_N64": {
        "n": 25,
        "r_squared": 0.9839122694819468,
        "coeffs_intercept_then_features": [
          0.7023906872562368,
          0.7606550528302992,
          0.1105925990586067,
          0.011433782157181271,
          0.003935115322910132,
          -0.02210920593315646,
          -0.12419561531044268,
          -0.5859782258564447
        ],
        "feature_keys": [
          "T_00",
          "grad_T_00",
          "omega_a",
          "psi_sq",
          "xi_max",
          "T_grad_T",
          "T_00_sq"
        ],
        "feature_means": [
          1.191293739121063,
          1.2038143597971454,
          51.40411595837773,
          0.24109922788918026,
          0.9183839237783009,
          1.5204195037392152,
          1.4572892212831476
        ],
        "feature_stds": [
          0.19521385302917033,
          0.6463498544953304,
          16.733997423412323,
          0.005770668689561989,
          0.05827015407336564,
          0.94296523333172,
          0.49068392203449857
        ]
      },
      "P7_N72": {
        "n": 28,
        "r_squared": 0.9690414389903096,
        "coeffs_intercept_then_features": [
          0.5069909768227318,
          1.148372945350204,
          0.10923084465580941,
          -0.1088268451840199,
          -0.008012444195291235,
          0.08250620688635701,
          -0.09455805045017915,
          -0.9503708186439024
        ],
        "feature_keys": [
          "T_00",
          "grad_T_00",
          "omega_a",
          "psi_sq",
          "xi_max",
          "T_grad_T",
          "T_00_sq"
        ],
        "feature_means": [
          1.0678370999156435,
          0.8582263212057407,
          40.83486937637482,
          0.2395634259176796,
          0.8935367191555573,
          1.108145416414172,
          1.184160662455746
        ],
        "feature_stds": [
          0.2094864924044337,
          1.1270296722087008,
          21.48379455520897,
          0.010207537734516414,
          0.08878393393952429,
          1.6792462242246224,
          0.5247703477325246
        ]
      },
      "P8_N84": {
        "n": 33,
        "r_squared": 0.9607286362702082,
        "coeffs_intercept_then_features": [
          0.3028893186646289,
          0.32298833912132685,
          0.21717352143963564,
          0.1615648717959784,
          -0.007656807979249447,
          -0.14400584910744954,
          -0.2710740432657471,
          -0.04667192364852365
        ],
        "feature_keys": [
          "T_00",
          "grad_T_00",
          "omega_a",
          "psi_sq",
          "xi_max",
          "T_grad_T",
          "T_00_sq"
        ],
        "feature_means": [
          0.9103245826618835,
          0.29748178786145024,
          22.284438284373355,
          0.23120266625206587,
          0.7242756027535785,
          0.31802318705043847,
          0.8550980561405787
        ],
        "feature_stds": [
          0.16250295487273897,
          0.3388430473811436,
          22.422073796002802,
          0.008294827261575464,
          0.23744081234150277,
          0.41401086110344965,
          0.32427053331717465
        ]
      },
      "P5N100_N100": {
        "n": 40,
        "r_squared": 0.9629859791426759,
        "coeffs_intercept_then_features": [
          0.3950262981493587,
          1.0284689660545794,
          0.21873207286073076,
          -0.12062491304522452,
          -0.00791496572329986,
          0.13458811857603392,
          -0.30576504022252093,
          -0.7514170027666907
        ],
        "feature_keys": [
          "T_00",
          "grad_T_00",
          "omega_a",
          "psi_sq",
          "xi_max",
          "T_grad_T",
          "T_00_sq"
        ],
        "feature_means": [
          1.0057150573654168,
          0.4661810666954131,
          29.71854739884629,
          0.22562701240508104,
          0.8408195887315667,
          0.5888115454923178,
          1.0747319191629434
        ],
        "feature_stds": [
          0.2515335813602672,
          0.5969035863234597,
          19.33237857882639,
          0.009138263326214358,
          0.10159317855671038,
          1.023543830626366,
          0.7277879461245125
        ]
      }
    },
    "bulk": {
      "P5_N50": {
        "n": 180,
        "r_squared": 0.8973812612853114,
        "coeffs_intercept_then_features": [
          0.10232171663078957,
          -0.5859281215695042,
          -0.10971671844364314,
          -0.00596011496204423,
          0.0004994110762933657,
          0.011063223173064749,
          0.11097186849540779,
          0.6863012879426575
        ]
      },
      "P6_N60": {
        "n": 216,
        "r_squared": 0.6577567269603748,
        "coeffs_intercept_then_features": [
          0.03851004413374021,
          -0.6199384708025815,
          0.00442929939820684,
          -0.001453492057733376,
          0.000545233522553451,
          0.004421445138193231,
          -0.0031550153084363673,
          0.6172253428647664
        ]
      },
      "P5N64_N64": {
        "n": 231,
        "r_squared": 0.8476051277817344,