{
  "method": "trimmed_mean_and_tail_overlap_audit",
  "branch_metadata": {
    "causal_wave_branch": "neutral_internal",
    "regimes_used": [
      "P5",
      "P6",
      "P5N64",
      "P7",
      "P8",
      "P5N100",
      "P5N128"
    ],
    "branch_rationale": "Statistical / spectral / topology diagnostic on lattice state; no branch projection in formulas",
    "schema": "worldformula/branch_metadata/v1"
  },
  "schema_version": "1.0.0",
  "lambda_t": 0.81,
  "lambda_s": -0.005,
  "tail_fraction": 0.1,
  "per_regime": [
    {
      "regime": "P5",
      "N": 50,
      "n_nodes_total": 200,
      "delta_median": 0.050206341992379715,
      "delta_mean": 0.16818207015978243,
      "delta_mean_top_t00_decile": 0.7609252519206409,
      "delta_median_trimmed_top10": 0.045568256812626565,
      "delta_mean_trimmed_top10": 0.10232171663079816,
      "tail_overlap_delta_with_T00": 1.0,
      "spearman_delta_T00": 0.8996624915622892,
      "median_pass_0p05": false,
      "mean_pass_0p10": false,
      "median_trim_pass_0p05": true,
      "mean_trim_pass_0p10": false
    },
    {
      "regime": "P6",
      "N": 60,
      "n_nodes_total": 240,
      "delta_median": 0.03391939445884708,
      "delta_mean": 0.07439064833758666,
      "delta_mean_top_t00_decile": 0.3875160649660387,
      "delta_median_trimmed_top10": 0.03148663006195745,
      "delta_mean_trimmed_top10": 0.03851004413375301,
      "tail_overlap_delta_with_T00": 0.875,
      "spearman_delta_T00": 0.33515252000902784,
      "median_pass_0p05": true,
      "mean_pass_0p10": true,
      "median_trim_pass_0p05": true,
      "mean_trim_pass_0p10": true
    },
    {
      "regime": "P5N64",
      "N": 64,
      "n_nodes_total": 256,
      "delta_median": 0.03827426305703561,
      "delta_mean": 0.12075005189502352,
      "delta_mean_top_t00_decile": 0.700067501098659,
      "delta_median_trimmed_top10": 0.035656082079275904,
      "delta_mean_trimmed_top10": 0.05780193118493549,
      "tail_overlap_delta_with_T00": 0.96,
      "spearman_delta_T00": 0.7648396372167542,
      "median_pass_0p05": true,
      "mean_pass_0p10": false,
      "median_trim_pass_0p05": true,
      "mean_trim_pass_0p10": true
    },
    {
      "regime": "P7",
      "N": 72,
      "n_nodes_total": 288,
      "delta_median": 0.0337994635636666,
      "delta_mean": 0.08930901569048044,
      "delta_mean_top_t00_decile": 0.5033590304749318,
      "delta_median_trimmed_top10": 0.03250290052053795,
      "delta_mean_trimmed_top10": 0.044327881414699524,
      "tail_overlap_delta_with_T00": 0.9642857142857143,
      "spearman_delta_T00": 0.705103203404748,
      "median_pass_0p05": true,
      "mean_pass_0p10": true,
      "median_trim_pass_0p05": true,
      "mean_trim_pass_0p10": true
    },
    {
      "regime": "P8",
      "N": 84,
      "n_nodes_total": 336,
      "delta_median": 0.02938088662741073,
      "delta_mean": 0.05931365072594043,
      "delta_mean_top_t00_decile": 0.27843645281823004,
      "delta_median_trimmed_top10": 0.028420369386254574,
      "delta_mean_trimmed_top10": 0.032785607683112956,
      "tail_overlap_delta_with_T00": 0.5757575757575758,
      "spearman_delta_T00": 0.11333856364637178,
      "median_pass_0p05": true,
      "mean_pass_0p10": true,
      "median_trim_pass_0p05": true,
      "mean_trim_pass_0p10": true
    },
    {
      "regime": "P5N100",
      "N": 100,
      "n_nodes_total": 400,
      "delta_median": 0.03780444065996909,
      "delta_mean": 0.07595389587841078,
      "delta_mean_top_t00_decile": 0.3718741551000205,
      "delta_median_trimmed_top10": 0.03431225303634544,
      "delta_mean_trimmed_top10": 0.04050140673719436,
      "tail_overlap_delta_with_T00": 0.775,
      "spearman_delta_T00": 0.8423028893930586,
      "median_pass_0p05": true,
      "mean_pass_0p10": true,
      "median_trim_pass_0p05": true,
      "mean_trim_pass_0p10": true
    },
    {
      "regime": "P5N128",
      "N": 128,
      "n_nodes_total": 512,
      "delta_median": 0.9243355051277582,
      "delta_mean": 0.9134009779384911,
      "delta_mean_top_t00_decile": 0.809051652864711,
      "delta_median_trimmed_top10": 0.9211664464056005,
      "delta_mean_trimmed_top10": 0.9089677404971491,
      "tail_overlap_delta_with_T00": 0.0,
      "spearman_delta_T00": -0.9669404854888363,
      "median_pass_0p05": false,
      "mean_pass_0p10": false,
      "median_trim_pass_0p05": false,
      "mean_trim_pass_0p10": false
    }
  ],
  "trimmed_verdict": "TRIMMED_PASS_PARTIAL",
  "tail_source_verdict": "TAIL_IS_MATTER_CORE",
  "mean_overlap_top_decile": 0.7357204700061845,
  "mean_spearman_delta_T00": 0.38477983139191624,
  "N128_passes": false
}
