{
  "method": "two_cluster_bias_diagnostic",
  "branch_metadata": {
    "causal_wave_branch": "neutral_internal",
    "regimes_used": [
      "P1",
      "P3",
      "P4",
      "P5",
      "P5N64",
      "P6",
      "P7",
      "P8",
      "P5N100",
      "P5N72",
      "P5N84",
      "P6N128",
      "P8N128"
    ],
    "branch_rationale": "Tail / cluster / spectral-truncation diagnostic; branch-blind statistical structure",
    "schema": "worldformula/branch_metadata/v1"
  },
  "schema_version": "1.0.0",
  "small_cluster_regimes": [
    "P1",
    "P3",
    "P4",
    "P5",
    "P5N64",
    "P6",
    "P7",
    "P8",
    "P5N100"
  ],
  "large_cluster_regimes": [
    "P5N72",
    "P5N84",
    "P6N128",
    "P8N128"
  ],
  "per_regime": [
    {
      "regime": "P1",
      "N": 28,
      "n_seeds_used": 4,
      "has_ffK_seed": true,
      "has_ffQ_seed": true,
      "n_pre_mask": 112,
      "n_post_mask": 112,
      "mask_survival_pct": 100.0,
      "mean_abs_psi": 0.5117763554838899,
      "mean_abs_psi_sq": 0.26209597638663146,
      "mean_var_psi": 0.00017747497234321742,
      "mean_var_xi": 0.034824944599612315,
      "mean_xi_off": 0.13676327902316102,
      "mean_K_per": 1.3335754278343792,
      "mean_one_minus_Q": 0.613367957500505,
      "mean_T00": 0.9686768629188762,
      "mean_T00_postmask": 0.9686768629188762,
      "mean_T00_kin": 0.14854715962656032,
      "mean_T00_rec": 0.8201297032923159,
      "mean_G00": 0.03484365040014221,
      "lambda_t_star": 0.9338332125187341,
      "cluster": "small"
    },
    {
      "regime": "P3",
      "N": 36,
      "n_seeds_used": 4,
      "has_ffK_seed": true,
      "has_ffQ_seed": true,
      "n_pre_mask": 144,
      "n_post_mask": 144,
      "mask_survival_pct": 100.0,
      "mean_abs_psi": 0.5191243800256398,
      "mean_abs_psi_sq": 0.26960435710727526,
      "mean_var_psi": 0.00011183752527469373,
      "mean_var_xi": 0.027018623032577373,
      "mean_xi_off": 0.14076117125382256,
      "mean_K_per": 1.3407648584339844,
      "mean_one_minus_Q": 0.6174705882414248,
      "mean_T00": 0.9889344611877632,
      "mean_T00_postmask": 0.9889344611877632,
      "mean_T00_kin": 0.16418438491041462,
      "mean_T00_rec": 0.8247500762773484,
      "mean_G00": 0.01176246470936523,
      "lambda_t_star": 0.9771719964783979,
      "cluster": "small"
    },
    {
      "regime": "P4",
      "N": 42,
      "n_seeds_used": 4,
      "has_ffK_seed": true,
      "has_ffQ_seed": true,
      "n_pre_mask": 168,
      "n_post_mask": 168,
      "mask_survival_pct": 100.0,
      "mean_abs_psi": 0.5105775491094979,
      "mean_abs_psi_sq": 0.2608274847087231,
      "mean_var_psi": 0.00013547455843546157,
      "mean_var_xi": 0.024590421353083307,
      "mean_xi_off": 0.09755269568721253,
      "mean_K_per": 1.3448717998123179,
      "mean_one_minus_Q": 0.5851284446466745,
      "mean_T00": 0.8762836784621468,
      "mean_T00_postmask": 0.8762836784621468,
      "mean_T00_kin": 0.05756566739431929,
      "mean_T00_rec": 0.8187180110678275,
      "mean_G00": 0.02896074841291903,
      "lambda_t_star": 0.847322930049228,
      "cluster": "small"
    },
    {
      "regime": "P5",
      "N": 50,
      "n_seeds_used": 4,
      "has_ffK_seed": true,
      "has_ffQ_seed": true,
      "n_pre_mask": 200,
      "n_post_mask": 200,
      "mask_survival_pct": 100.0,
      "mean_abs_psi": 0.5021631690502759,
      "mean_abs_psi_sq": 0.25229917561847864,
      "mean_var_psi": 0.00013087845803794087,
      "mean_var_xi": 0.026010649718967844,
      "mean_xi_off": 0.10173524929508479,
      "mean_K_per": 1.3452657414857467,
      "mean_one_minus_Q": 0.6228846104215926,
      "mean_T00": 0.9074492876125306,
      "mean_T00_postmask": 0.9074492876125306,
      "mean_T00_kin": 0.07909526426425913,
      "mean_T00_rec": 0.8283540233482715,
      "mean_G00": 0.027860601065916573,
      "lambda_t_star": 0.879588686546614,
      "cluster": "small"
    },
    {
      "regime": "P5N64",
      "N": 64,
      "n_seeds_used": 4,
      "has_ffK_seed": true,
      "has_ffQ_seed": true,
      "n_pre_mask": 256,
      "n_post_mask": 256,
      "mask_survival_pct": 100.0,
      "mean_abs_psi": 0.49057696265078005,
      "mean_abs_psi_sq": 0.2407489313588188,
      "mean_var_psi": 8.14561049731165e-05,
      "mean_var_xi": 0.02419540946757008,
      "mean_xi_off": 0.07098015615217611,
      "mean_K_per": 1.343909117027875,
      "mean_one_minus_Q": 0.6014330213555392,
      "mean_T00": 0.8776081187597427,
      "mean_T00_postmask": 0.8776081187597427,
      "mean_T00_kin": 0.05529530490692021,
      "mean_T00_rec": 0.8223128138528225,
      "mean_G00": 0.0213158528595201,
      "lambda_t_star": 0.8562922659002226,
      "cluster": "small"
    },
    {
      "regime": "P6",
      "N": 60,
      "n_seeds_used": 4,
      "has_ffK_seed": true,
      "has_ffQ_seed": true,
      "n_pre_mask": 240,
      "n_post_mask": 240,
      "mask_survival_pct": 100.0,
      "mean_abs_psi": 0.493628612382906,
      "mean_abs_psi_sq": 0.243783378924143,
      "mean_var_psi": 0.00011221940634274609,
      "mean_var_xi": 0.021024410803524633,
      "mean_xi_off": 0.05239469161674282,
      "mean_K_per": 1.3483115516074984,
      "mean_one_minus_Q": 0.5395352473029524,
      "mean_T00": 0.8370662333257919,
      "mean_T00_postmask": 0.8370662333257919,
      "mean_T00_kin": 0.02802664569630455,
      "mean_T00_rec": 0.8090395876294874,
      "mean_G00": 0.016189931107035687,
      "lambda_t_star": 0.8208763022187563,
      "cluster": "small"
    },
    {
      "regime": "P7",
      "N": 72,
      "n_seeds_used": 4,
      "has_ffK_seed": true,
      "has_ffQ_seed": true,
      "n_pre_mask": 288,
      "n_post_mask": 288,
      "mask_survival_pct": 100.0,
      "mean_abs_psi": 0.485349709426953,
      "mean_abs_psi_sq": 0.23564450070576942,
      "mean_var_psi": 7.795102456163545e-05,
      "mean_var_xi": 0.02342006097911771,
      "mean_xi_off": 0.05668758921187268,
      "mean_K_per": 1.342688541808228,
      "mean_one_minus_Q": 0.5910463744033048,
      "mean_T00": 0.8579146946184638,
      "mean_T00_postmask": 0.8579146946184638,
      "mean_T00_kin": 0.03880883011352392,
      "mean_T00_rec": 0.8191058645049402,
      "mean_G00": 0.01644545501503177,
      "lambda_t_star": 0.8414692396034322,
      "cluster": "small"
    },
    {
      "regime": "P8",
      "N": 84,
      "n_seeds_used": 4,
      "has_ffK_seed": true,
      "has_ffQ_seed": true,
      "n_pre_mask": 336,
      "n_post_mask": 336,
      "mask_survival_pct": 100.0,
      "mean_abs_psi": 0.479668094652869,
      "mean_abs_psi_sq": 0.23016336547257202,
      "mean_var_psi": 7.982967358608116e-05,
      "mean_var_xi": 0.01918078778797453,
      "mean_xi_off": 0.03443657513220859,
      "mean_K_per": 1.3491599130803622,
      "mean_one_minus_Q": 0.5251378113141323,
      "mean_T00": 0.8281879139620427,
      "mean_T00_postmask": 0.8281879139620427,
      "mean_T00_kin": 0.022323504593328575,
      "mean_T00_rec": 0.8058644093687141,
      "mean_G00": 0.01068222186101146,
      "lambda_t_star": 0.8175056921010312,
      "cluster": "small"
    },
    {
      "regime": "P5N100",
      "N": 100,
      "n_seeds_used": 4,
      "has_ffK_seed": true,
      "has_ffQ_seed": true,
      "n_pre_mask": 400,
      "n_post_mask": 400,
      "mask_survival_pct": 100.0,
      "mean_abs_psi": 0.474675701390635,
      "mean_abs_psi_sq": 0.2253847404148798,
      "mean_var_psi": 6.564726666717775e-05,
      "mean_var_xi": NaN,
      "mean_xi_off": NaN,
      "mean_K_per": 1.342075912180861,
      "mean_one_minus_Q": 0.6218288363167386,
      "mean_T00": 0.8569634267151204,
      "mean_T00_postmask": 0.8569634267151204,
      "mean_T00_kin": 0.030468261545505283,
      "mean_T00_rec": 0.8264951651696151,
      "mean_G00": 0.011473654878977193,
      "lambda_t_star": 0.8454897718361434,
      "cluster": "small"
    },
    {
      "regime": "P5N72",
      "N": 72,
      "n_seeds_used": 4,
      "has_ffK_seed": false,