{
  "method": "unit_budget_redistribution",
  "branch_metadata": {
    "causal_wave_branch": "matter",
    "regimes_used": [
      "P1",
      "P3",
      "P4",
      "P5",
      "P5N64",
      "P6",
      "P7",
      "P8",
      "P5N100",
      "P5N72",
      "P5N84",
      "P5N200"
    ],
    "branch_rationale": "Emergent-GR matter-source repository default fallback",
    "schema": "worldformula/branch_metadata/v1"
  },
  "predictions": {
    "Lambda_t": 0.81,
    "Lambda_s_per_axis": -0.005000000000000001,
    "shear_finite_N": 0.18000000000000002,
    "asymptotic_budget": 0.8250000000000001
  },
  "per_regime": [
    {
      "regime": "P1",
      "N": 28,
      "n_nodes": 896,
      "Lambda_t_mean": 1.0645400050810454,
      "Lambda_s_axis_means": [
        -0.5864860897534919,
        -0.5775508367851749,
        0.5963682189952945
      ],
      "Lambda_s_abs_sum": 1.7735241785364406,
      "shear_off_mean": 0.03281721912497854,
      "T_trace_mean": -0.5704235784169933,
      "T00_mean": 1.067294875954666,
      "G00_mean": 0.0027548708736206775,
      "budget": 2.8708814027424645
    },
    {
      "regime": "P3",
      "N": 36,
      "n_nodes": 1008,
      "Lambda_t_mean": 0.9274311701353513,
      "Lambda_s_axis_means": [
        -0.2857808933963966,
        -0.2846322711264531,
        0.30126830499523993
      ],
      "Lambda_s_abs_sum": 0.880316492773836,
      "shear_off_mean": 0.016670051362985626,
      "T_trace_mean": -0.2976175020505949,
      "T00_mean": 0.9559038126583368,
      "G00_mean": 0.02847264252298563,
      "budget": 1.8244177142721727
    },
    {
      "regime": "P4",
      "N": 42,
      "n_nodes": 1176,
      "Lambda_t_mean": 0.8846321142853492,
      "Lambda_s_axis_means": [
        -0.17827731871579297,
        -0.1794120281845552,
        0.1925243449921853
      ],
      "Lambda_s_abs_sum": 0.5583530760005838,
      "shear_off_mean": 0.01305213340835987,
      "T_trace_mean": -0.1963132868382985,
      "T00_mean": 0.9157803992154846,
      "G00_mean": 0.031148284930135245,
      "budget": 1.456037323694293
    },
    {
      "regime": "P5",
      "N": 50,
      "n_nodes": 1400,
      "Lambda_t_mean": 0.8712252283544256,
      "Lambda_s_axis_means": [
        -0.13897211549372368,
        -0.14056498006879184,
        0.15022291372309943
      ],
      "Lambda_s_abs_sum": 0.4385862426006094,
      "shear_off_mean": 0.009920264574854863,
      "T_trace_mean": -0.15585155233763745,
      "T00_mean": 0.8977625988526471,
      "G00_mean": 0.026537370498221427,
      "budget": 1.3197317355298899
    },
    {
      "regime": "P5N64",
      "N": 64,
      "n_nodes": 1536,
      "Lambda_t_mean": 0.8548431132828659,
      "Lambda_s_axis_means": [
        -0.09778543301642123,
        -0.09942636828870467,
        0.10580225341603366
      ],
      "Lambda_s_abs_sum": 0.30999959080231504,
      "shear_off_mean": 0.007239712542797949,
      "T_trace_mean": -0.11045217999672845,
      "T00_mean": 0.8738857453905019,
      "G00_mean": 0.01904263210763612,
      "budget": 1.1720824166279789
    },
    {
      "regime": "P6",
      "N": 60,
      "n_nodes": 1680,
      "Lambda_t_mean": 0.8436524581954475,
      "Lambda_s_axis_means": [
        -0.07321975754947532,
        -0.0746593632952008,
        0.08117362778114508
      ],
      "Lambda_s_abs_sum": 0.23706689308997728,
      "shear_off_mean": 0.007303580299027654,
      "T_trace_mean": -0.08565660261082308,
      "T00_mean": 0.8626035677427396,
      "G00_mean": 0.01895110954729221,
      "budget": 1.0880229315844523
    },
    {
      "regime": "P7",
      "N": 72,
      "n_nodes": 1440,
      "Lambda_t_mean": 0.8315051248517175,
      "Lambda_s_axis_means": [
        -0.04011541677976396,
        -0.04156366517450275,
        0.04638206144410736
      ],
      "Lambda_s_abs_sum": 0.136466706062808,
      "shear_off_mean": 0.005854989777259794,
      "T_trace_mean": -0.05081656952138877,
      "T00_mean": 0.8470246738629469,
      "G00_mean": 0.015519549011229351,
      "budget": 0.9738268206917853
    },
    {
      "regime": "P8",
      "N": 84,
      "n_nodes": 1344,
      "Lambda_t_mean": 0.826028660837763,
      "Lambda_s_axis_means": [
        -0.029141930260227007,
        -0.03043981157041103,
        0.03409130399784569
      ],
      "Lambda_s_abs_sum": 0.09993582595321537,
      "shear_off_mean": 0.004650220906784651,
      "T_trace_mean": -0.03769307240907567,
      "T00_mean": 0.8382312954140464,
      "G00_mean": 0.012202634576283247,
      "budget": 0.9306147076977631
    },
    {
      "regime": "P5N100",
      "N": 100,
      "n_nodes": 2400,
      "Lambda_t_mean": 0.8317892689872273,
      "Lambda_s_axis_means": [
        -0.031047672754768142,
        -0.03232228432013646,
        0.035568713394498255
      ],
      "Lambda_s_abs_sum": 0.10487998652610865,
      "shear_off_mean": 0.004294071552712464,
      "T_trace_mean": -0.03891595254245748,
      "T00_mean": 0.8429039778492785,
      "G00_mean": 0.011114708862051034,
      "budget": 0.9409633270660483
    },
    {
      "regime": "P5N256",
      "N": 256,
      "n_nodes": 3072,
      "Lambda_t_mean": 0.8086673305117603,
      "Lambda_s_axis_means": [
        -0.003028841666877172,
        -0.0034375954352511284,
        0.004322831229972131
      ],
      "Lambda_s_abs_sum": 0.013294380814030074,
      "shear_off_mean": 0.0012913564785767627,
      "T_trace_mean": -0.0052527344959222705,
      "T00_mean": 0.8117764591355264,
      "G00_mean": 0.0031091286237661052,
      "budget": 0.8232530678043672
    },
    {
      "regime": "P5N512",
      "N": 512,
      "n_nodes": 6144,
      "Lambda_t_mean": 0.8031087962131371,
      "Lambda_s_axis_means": [
        -0.0009623806797193408,
        -0.0011674197399626361,
        0.0015695498654665376
      ],
      "Lambda_s_abs_sum": 0.004962052023241598,
      "shear_off_mean": 0.0006181965533505752,
      "T_trace_mean": -0.0019442591395460295,
      "T00_mean": 0.8044928047984677,
      "G00_mean": 0.0013840085853305997,
      "budget": 0.8086890447897294
    }
  ]
}
