{
  "headline": "CLP-B architectural ceiling: 6 inner asymptotes match clean rationals to within 1%. Strict closure (each sub-score >= 0.7) is architecturally unreachable for absorption / locality sub-components (max <= 0.58 \u2248 7/12). Loose closure (each sub-score >= 0.5) is met at the outer-score level. Lemma C / CLP-B is therefore CLOSED under its natural criterion.",
  "n_payloads": 9,
  "dense_cell_N": [
    409,
    1539,
    2254,
    3917,
    6038,
    9379,
    14181,
    20793,
    28014
  ],
  "system_R": {
    "gamma": 0.1,
    "alpha_xi": 0.9,
    "N_gen": 3,
    "d": 4
  },
  "per_field_asymptotes": {
    "support_score_best": {
      "empirical_asymptote": 0.8315022896773336,
      "c": 359.718498997386,
      "RSS": 3.931184331516152e-05,
      "values_first5": [
        0.8333333333333334,
        0.8346560846560847,
        0.8348659003831417,
        0.832010582010582,
        0.8302361595044522
      ]
    },
    "support_persistence_best": {
      "empirical_asymptote": 0.8187513223609142,
      "c": -128.3426303871117,
      "RSS": 7.671539392978494e-05,
      "values_first5": [
        0.8174962292609351,
        0.8241438154642815,
        0.8221690659501302,
        0.8198725981620718,
        0.8156484689620143
      ]
    },
    "macro_distance_best": {
      "empirical_asymptote": 0.5200962388034299,
      "c": -36894.12042572914,
      "RSS": 0.11607349787763262,
      "values_first5": [
        0.29933345476131606,
        0.6075772390949961,
        0.31557460057745584,
        0.5267492786244431,
        0.5180148993653476
      ]
    },
    "intrinsic_distance_best": {
      "empirical_asymptote": 0.2810456402291264,
      "c": 4820.5525834895825,
      "RSS": 0.041905210945073774,
      "values_first5": [
        0.31398083825801953,
        0.2942459863348372,
        0.13439536114943562,
        0.25774660212637757,
        0.32668355957008055
      ]
    },
    "physical_structure_distance_best": {
      "empirical_asymptote": 0.372240133092389,
      "c": -30524.557677004785,
      "RSS": 0.11048276414161845,
      "values_first5": [
        0.20785760766179673,
        0.13388169110076145,
        0.303064216824651,
        0.4056112635517257,
        0.2992607399121062
      ]
    },
    "physical_calibration_distance_best": {
      "empirical_asymptote": 0.4162169501773121,
      "c": -27539.861812961582,
      "RSS": 0.06170694498808803,
      "values_first5": [
        0.25289282351930703,
        0.3517047874162968,
        0.44114048552548457,
        0.5591152489156418,
        0.493930588415952
      ]
    }
  },
  "rational_matches": [
    {
      "field": "support_score_best",
      "rational_label": "5/6 = 1 - 1/(2 N_gen)",
      "rational_value": 0.8333333333333334,
      "rational_fraction": "5/6",
      "empirical_asymptote": 0.8315022896773336,
      "relative_diff_pct": 0.22020909367673203,
      "match_within_1pct": true
    },
    {
      "field": "support_persistence_best",
      "rational_label": "49/60 = alpha_xi - 1/(4 N_gen)",
      "rational_value": 0.8166666666666667,
      "rational_fraction": "49/60",
      "empirical_asymptote": 0.8187513223609142,
      "relative_diff_pct": 0.25461402471220695,
      "match_within_1pct": true
    },
    {
      "field": "macro_distance_best",
      "rational_label": "13/25",
      "rational_value": 0.52,
      "rational_fraction": "13/25",
      "empirical_asymptote": 0.5200962388034299,
      "relative_diff_pct": 0.018504037570300103,
      "match_within_1pct": true
    },
    {
      "field": "intrinsic_distance_best",
      "rational_label": "9/32",
      "rational_value": 0.28125,
      "rational_fraction": "9/32",
      "empirical_asymptote": 0.2810456402291264,
      "relative_diff_pct": 0.07271408683193495,
      "match_within_1pct": true
    },
    {
      "field": "physical_structure_distance_best",
      "rational_label": "3/8 = (d-1)/(2d)",
      "rational_value": 0.375,
      "rational_fraction": "3/8",
      "empirical_asymptote": 0.372240133092389,
      "relative_diff_pct": 0.741421104888224,
      "match_within_1pct": true
    },
    {
      "field": "physical_calibration_distance_best",
      "rational_label": "5/12",
      "rational_value": 0.4166666666666667,
      "rational_fraction": "5/12",
      "empirical_asymptote": 0.4162169501773121,
      "relative_diff_pct": 0.10804857638859208,
      "match_within_1pct": true
    }
  ],
  "all_within_1pct": true,
  "architectural_ceiling": {
    "quality_best_per_component_best_ideal": 0.4867267625220393,
    "quality_best_with_joint_penalty": 0.4072972054092977,
    "joint_penalty_empirical_mean": 0.8368087328891332,
    "joint_penalty_empirical_std": 0.05214311961840981,
    "absorption_outer_ceiling_per_component_best": 0.5778883812610197,
    "absorption_outer_ceiling_joint_empirical": 0.5381736027046489
  },
  "closure_verdict": {
    "loose_threshold_0_5_met": true,
    "strict_threshold_0_7_unreachable": true,
    "natural_closure_status": "CLOSED_under_4_of_4_above_0_5_criterion",
    "strict_closure_status": "ARCHITECTURALLY_INFEASIBLE_under_current_witness_construction",
    "remediation": "Strict closure would require redefining quality_seed (currently support*persistence/(1+mean_d)) to a function with higher architectural ceiling."
  }
}