{
  "title": "Matter-branch closure discrimination test",
  "n_observations": 49,
  "n_regimes": 5,
  "n_max": 1024,
  "selected_model": "symanzik_1",
  "asymptote_mean": 0.4064838026140839,
  "asymptote_std": 0.0037272644373162454,
  "asymptote_ci95": [
    0.39917836431694403,
    0.41378924091122377
  ],
  "candidate_verdicts": {
    "79/200": {
      "value": 0.395,
      "z": 3.0810270661538044,
      "verdict": "EXCLUDED (z=+3.08)"
    },
    "13/32": {
      "value": 0.40625,
      "z": 0.06272767012266124,
      "verdict": "CONFIRMED (z=+0.06)"
    },
    "2/5": {
      "value": 0.4,
      "z": 1.7395606679177376,
      "verdict": "CONFIRMED (z=+1.74)"
    },
    "11/27": {
      "value": 0.4074074074074074,
      "z": -0.24779695909864421,
      "verdict": "CONFIRMED (z=-0.25)"
    },
    "9/22": {
      "value": 0.4090909090909091,
      "z": -0.6994691470569283,
      "verdict": "CONFIRMED (z=-0.70)"
    }
  },
  "overall_verdict": "PARTIAL: 13/32 closest (z=+0.06); 3 others not excluded"
}