{
  "method": "verify_lemma_B_M_F_empirical_off_diagonal_extraction",
  "stand": "2026-05-13",
  "d": 4,
  "N_gen": 3,
  "target_sum_sq": "31/36",
  "target_product": "5/72",
  "ladder_rows": [
    {
      "regime": "P5N64",
      "N": 64,
      "n_seeds": 24,
      "rho_min_mean": 0.2339733063773731,
      "rho_min_sem": 0.028905863519074464,
      "rho_mid_mean": 0.5397249446737661,
      "rho_mid_sem": 0.016391882415287808,
      "rho_max_mean": 0.7431262455108385,
      "rho_max_sem": 0.017794522434375664,
      "sum_sq": 0.8982831407672951,
      "product": 0.09384289620924212,
      "sum_sq_rel_err_pct": 4.3167518310407145,
      "product_rel_err_pct": 35.13377054130864,
      "arith_prog_a_est": 0.4885497759441058,
      "arith_prog_b_est": 0.2545764695667327,
      "arith_prog_consistency_err_pct": 10.47491396977227
    },
    {
      "regime": "P5N72",
      "N": 72,
      "n_seeds": 24,
      "rho_min_mean": 0.2448113911029873,
      "rho_min_sem": 0.026378314036891618,
      "rho_mid_mean": 0.47121836494254693,
      "rho_mid_sem": 0.023106491653647643,
      "rho_max_mean": 0.7169487534707706,
      "rho_max_sem": 0.021741083956320694,
      "sum_sq": 0.7959948797761989,
      "product": 0.08270693822248042,
      "sum_sq_rel_err_pct": -7.56188492921562,
      "product_rel_err_pct": 19.097991040371795,
      "arith_prog_a_est": 0.48088007228687896,
      "arith_prog_b_est": 0.23606868118389163,
      "arith_prog_consistency_err_pct": 2.0091719123199883
    },
    {
      "regime": "P5N84",
      "N": 84,
      "n_seeds": 24,
      "rho_min_mean": 0.2307553218509886,
      "rho_min_sem": 0.024837787226964992,
      "rho_mid_mean": 0.49149354981272236,
      "rho_mid_sem": 0.02373833891072105,
      "rho_max_mean": 0.7319016291915997,
      "rho_max_sem": 0.018164532500280887,
      "sum_sq": 0.8304939228833823,
      "product": 0.083008441964229,
      "sum_sq_rel_err_pct": -3.5555444393491573,
      "product_rel_err_pct": 19.53215642848976,
      "arith_prog_a_est": 0.48132847552129415,
      "arith_prog_b_est": 0.2505731536703056,
      "arith_prog_consistency_err_pct": 2.1118788537119295
    },
    {
      "regime": "P5N100",
      "N": 100,
      "n_seeds": 24,
      "rho_min_mean": 0.25797251238235724,
      "rho_min_sem": 0.028391779026807017,
      "rho_mid_mean": 0.47081330332286164,
      "rho_mid_sem": 0.021561505981939472,
      "rho_max_mean": 0.7345297683762871,
      "rho_max_sem": 0.02474489389613595,
      "sum_sq": 0.8277489643615724,
      "product": 0.0892137018091731,
      "sum_sq_rel_err_pct": -3.874313816075467,
      "product_rel_err_pct": 28.46773060520925,
      "arith_prog_a_est": 0.49625114037932216,
      "arith_prog_b_est": 0.23827862799696495,
      "arith_prog_consistency_err_pct": 5.1260007255633635
    },
    {
      "regime": "P5N128",
      "N": 128,
      "n_seeds": 12,
      "rho_min_mean": 0.20969713866388887,
      "rho_min_sem": 0.03144495689862101,
      "rho_mid_mean": 0.4960211832257902,
      "rho_mid_sem": 0.030585123480824854,
      "rho_max_mean": 0.7479772569001885,
      "rho_max_sem": 0.028009861451288906,
      "sum_sq": 0.8494798810124656,
      "product": 0.07780027307781347,
      "sum_sq_rel_err_pct": -1.3507234953265774,
      "product_rel_err_pct": 12.032393232051387,
      "arith_prog_a_est": 0.47883719778203865,
      "arith_prog_b_est": 0.2691400591181498,
      "arith_prog_consistency_err_pct": 3.588690586977645
    },
    {
      "regime": "P5N200",
      "N": 200,
      "n_seeds": 8,
      "rho_min_mean": 0.16430969647832358,
      "rho_min_sem": 0.044547434077623585,
      "rho_mid_mean": 0.48295946398494477,
      "rho_mid_sem": 0.05149627163460748,
      "rho_max_mean": 0.7675833601437934,
      "rho_max_sem": 0.04960613424019089,
      "sum_sq": 0.8494317349790603,
      "product": 0.06091151839323923,
      "sum_sq_rel_err_pct": -1.356314647593,
      "product_rel_err_pct": -12.287413513735512,
      "arith_prog_a_est": 0.4659465283110585,
      "arith_prog_b_est": 0.3016368318327349,
      "arith_prog_consistency_err_pct": 3.65126353351188
    },
    {
      "regime": "P5N256",
      "N": 256,
      "n_seeds": 12,
      "rho_min_mean": 0.18973112413126028,
      "rho_min_sem": 0.031426869267416176,
      "rho_mid_mean": 0.47121828321787224,
      "rho_mid_sem": 0.031587318242180584,
      "rho_max_mean": 0.7695582565479829,
      "rho_max_sem": 0.03197761257096784,
      "sum_sq": 0.8502644801240817,
      "product": 0.06880218245756722,
      "sum_sq_rel_err_pct": -1.2596087597840624,
      "product_rel_err_pct": -0.9248572611032023,
      "arith_prog_a_est": 0.4796446903396216,
      "arith_prog_b_est": 0.28991356620836134,
      "arith_prog_consistency_err_pct": 1.7568019184748775
    },
    {
      "regime": "P5N300",
      "N": 300,
      "n_seeds": 12,
      "rho_min_mean": 0.2072728126810799,
      "rho_min_sem": 0.03293217970441432,
      "rho_mid_mean": 0.47753970824097136,
      "rho_mid_sem": 0.0347904966601892,
      "rho_max_mean": 0.747850925020653,
      "rho_max_sem": 0.03241925395637608,
      "sum_sq": 0.8302871978778444,
      "product": 0.07402303128321204,
      "sum_sq_rel_err_pct": -3.5795512141858126,
      "product_rel_err_pct": 6.593165047825334,
      "arith_prog_a_est": 0.47756186885086643,
      "arith_prog_b_est": 0.27028905616978655,
      "arith_prog_consistency_err_pct": 0.0046403641790740465
    },
    {
      "regime": "P5N512",
      "N": 512,
      "n_seeds": 12,
      "rho_min_mean": 0.21363278747411618,
      "rho_min_sem": 0.028506346687294057,
      "rho_mid_mean": 0.48648992796874785,
      "rho_mid_sem": 0.028382932163921445,
      "rho_max_mean": 0.7251411452828168,
      "rho_max_sem": 0.03179302635819983,
      "sum_sq": 0.8081410984810736,
      "product": 0.07536406381516918,
      "sum_sq_rel_err_pct": -6.151356305423713,
      "product_rel_err_pct": 8.52425189384361,
      "arith_prog_a_est": 0.4693869663784665,
      "arith_prog_b_est": 0.2557541789043503,
      "arith_prog_consistency_err_pct": 3.6436805483199635
    }
  ],
  "grand_mean": {
    "n_seeds_pooled": 152,
    "rho_min": 0.22617621505499788,
    "rho_mid": 0.48945334769582655,
    "rho_max": 0.7385733644957762,
    "sum_sq": 0.8362108745698669,
    "product": 0.08176206975433922,
    "sum_sq_rel_err_pct": -2.891640372531595,
    "product_rel_err_pct": 17.737380446248476,
    "arith_prog_a": 0.482374789775387,
    "arith_prog_b": 0.25619857472038915,
    "arith_prog_consistency_err_pct": 1.467439441380343
  },
  "structural_identification": {
    "sigma_structural_form": "(d+1) / (N_gen * d * (d-1))",
    "sigma_value_at_4_3": "5/36",
    "sum_sq_form": "1 - sigma",
    "product_form": "sigma / 2",
    "arith_prog_ansatz_cubic": "5 a^3 - (1 - sigma) a - sigma = 0  [universal in (d, N_gen)]",
    "cubic_at_4_3": "180 a^3 - 31 a - 5 = 0",
    "cubic_root_a": 0.4797154557882272,
    "cubic_root_b": 0.2921732,
    "cubic_triple": [
      0.187542,
      0.479715,
      0.771889
    ],
    "rational_factorisable": false,
    "algebraic_degree_over_Q": 3
  },
  "interpretation": "Empirical extraction of M_F normalised-adjacency off-diagonal triple on canonical d1 P5/P5N ladder. Spec(L_norm(M_F))=(0,7/6,11/6) imposes sum_sq=31/36 and product=5/72 EXAKT, with clean structural form sum_sq = 1 - sigma, product = sigma/2 where sigma = (d+1)/(N_gen\u00b7d\u00b7(d-1)) = 5/36 at (d,N_gen)=(4,3). Empirical grand-mean confirms arith-prog form (a-b, a, a+b) at 1.47% consistency; the (1/6, 1/2, 5/6) geom-prog candidate is REJECTED (rho_min off by +35.7%). The arith-prog ansatz reduces the system to a universal cubic 5 a^3 - (1-sigma) a - sigma = 0; at (4,3) this is 180 a^3 - 31 a - 5 = 0 with unique positive real root a* ~ 0.4797 (algebraic-irrational over Q, NOT a System-R rational). This is the simplest structural identification compatible with the empirical extraction."
}