{
  "title": "Matter-branch closure discrimination test",
  "n_observations": 52,
  "n_regimes": 6,
  "n_max": 2048,
  "selected_model": "symanzik_3",
  "asymptote_mean": 0.4127944000965673,
  "asymptote_std": 0.003714544104513139,
  "asymptote_ci95": [
    0.4055138936517216,
    0.42007490654141305
  ],
  "candidate_verdicts": {
    "79/200": {
      "value": 0.395,
      "z": 4.790466769514798,
      "verdict": "EXCLUDED (z=+4.79)"
    },
    "13/32": {
      "value": 0.40625,
      "z": 1.7618313075394436,
      "verdict": "CONFIRMED (z=+1.76)"
    },
    "2/5": {
      "value": 0.4,
      "z": 3.4444065641924153,
      "verdict": "EXCLUDED (z=+3.44)"
    },
    "11/27": {
      "value": 0.4074074074074074,
      "z": 1.4502432970481576,
      "verdict": "CONFIRMED (z=+1.45)"
    },
    "9/22": {
      "value": 0.4090909090909091,
      "z": 0.9970243726971743,
      "verdict": "CONFIRMED (z=+1.00)"
    }
  },
  "overall_verdict": "PARTIAL: 9/22 closest (z=+1.00); 2 others not excluded"
}