{
  "headline": "Lemma B U-loop: Fiedler-active set distance to matter-core cusp (corpus-validated proxy: C99 = top-1% by row-variance). Tests halo hypothesis.",
  "per_regime": [
    {
      "regime": "P5",
      "N": 50,
      "n_seeds": 28,
      "status": "OK",
      "fiedler_mean_dist_to_cusp_mean": 1.5285714285714285,
      "fiedler_median_dist_to_cusp_mean": 1.7142857142857142,
      "fiedler_in_cusp_count_mean": 0.6785714285714286,
      "fiedler_in_halo_count_mean": 14.25,
      "fiedler_in_bulk_count_mean": 0.07142857142857142,
      "global_mean_dist_to_cusp_mean": 1.5335714285714286,
      "global_max_dist_to_cusp_mean": 2.142857142857143,
      "random_30pct_mean_dist_to_cusp_mean": 1.5386904761904765,
      "k_fiedler_30pct_mean": 15.0,
      "fiedler_halo_fraction": 0.95,
      "fiedler_cusp_fraction": 0.04523809523809524,
      "fiedler_bulk_fraction": 0.0047619047619047615
    },
    {
      "regime": "P5N64",
      "N": 64,
      "n_seeds": 24,
      "status": "OK",
      "fiedler_mean_dist_to_cusp_mean": 1.6074561403508774,
      "fiedler_median_dist_to_cusp_mean": 1.9583333333333333,
      "fiedler_in_cusp_count_mean": 0.5833333333333334,
      "fiedler_in_halo_count_mean": 18.0,
      "fiedler_in_bulk_count_mean": 0.4166666666666667,
      "global_mean_dist_to_cusp_mean": 1.6328125,
      "global_max_dist_to_cusp_mean": 2.3333333333333335,
      "random_30pct_mean_dist_to_cusp_mean": 1.625438596491228,
      "k_fiedler_30pct_mean": 19.0,
      "fiedler_halo_fraction": 0.9473684210526315,
      "fiedler_cusp_fraction": 0.030701754385964914,
      "fiedler_bulk_fraction": 0.02192982456140351
    },
    {
      "regime": "P5N72",
      "N": 72,
      "n_seeds": 24,
      "status": "OK",
      "fiedler_mean_dist_to_cusp_mean": 1.653409090909091,
      "fiedler_median_dist_to_cusp_mean": 1.9166666666666667,
      "fiedler_in_cusp_count_mean": 0.6666666666666666,
      "fiedler_in_halo_count_mean": 20.5,
      "fiedler_in_bulk_count_mean": 0.8333333333333334,
      "global_mean_dist_to_cusp_mean": 1.703125,
      "global_max_dist_to_cusp_mean": 2.5,
      "random_30pct_mean_dist_to_cusp_mean": 1.696590909090909,
      "k_fiedler_30pct_mean": 22.0,
      "fiedler_halo_fraction": 0.9318181818181818,
      "fiedler_cusp_fraction": 0.0303030303030303,
      "fiedler_bulk_fraction": 0.03787878787878788
    },
    {
      "regime": "P5N84",
      "N": 84,
      "n_seeds": 24,
      "status": "OK",
      "fiedler_mean_dist_to_cusp_mean": 1.7383333333333333,
      "fiedler_median_dist_to_cusp_mean": 2.0,
      "fiedler_in_cusp_count_mean": 0.5416666666666666,
      "fiedler_in_halo_count_mean": 23.375,
      "fiedler_in_bulk_count_mean": 1.0833333333333333,
      "global_mean_dist_to_cusp_mean": 1.7539682539682542,
      "global_max_dist_to_cusp_mean": 2.6666666666666665,
      "random_30pct_mean_dist_to_cusp_mean": 1.7545000000000002,
      "k_fiedler_30pct_mean": 25.0,
      "fiedler_halo_fraction": 0.935,
      "fiedler_cusp_fraction": 0.021666666666666664,
      "fiedler_bulk_fraction": 0.04333333333333333
    },
    {
      "regime": "P5N100",
      "N": 100,
      "n_seeds": 24,
      "status": "OK",
      "fiedler_mean_dist_to_cusp_mean": 1.7972222222222225,
      "fiedler_median_dist_to_cusp_mean": 2.0,
      "fiedler_in_cusp_count_mean": 0.75,
      "fiedler_in_halo_count_mean": 26.125,
      "fiedler_in_bulk_count_mean": 3.125,
      "global_mean_dist_to_cusp_mean": 1.8379166666666666,
      "global_max_dist_to_cusp_mean": 2.875,
      "random_30pct_mean_dist_to_cusp_mean": 1.8361111111111112,
      "k_fiedler_30pct_mean": 30.0,
      "fiedler_halo_fraction": 0.8708333333333333,
      "fiedler_cusp_fraction": 0.025,
      "fiedler_bulk_fraction": 0.10416666666666667
    },
    {
      "regime": "P5N128",
      "N": 128,
      "n_seeds": 12,
      "status": "OK",
      "fiedler_mean_dist_to_cusp_mean": 2.1425438596491224,
      "fiedler_median_dist_to_cusp_mean": 2.0416666666666665,
      "fiedler_in_cusp_count_mean": 0.3333333333333333,
      "fiedler_in_halo_count_mean": 26.5,
      "fiedler_in_bulk_count_mean": 11.166666666666666,
      "global_mean_dist_to_cusp_mean": 2.1712239583333335,
      "global_max_dist_to_cusp_mean": 3.0833333333333335,
      "random_30pct_mean_dist_to_cusp_mean": 2.173684210526315,
      "k_fiedler_30pct_mean": 38.0,
      "fiedler_halo_fraction": 0.6973684210526315,
      "fiedler_cusp_fraction": 0.008771929824561403,
      "fiedler_bulk_fraction": 0.293859649122807
    },
    {
      "regime": "P5N200",
      "N": 200,
      "n_seeds": 8,
      "status": "OK",
      "fiedler_mean_dist_to_cusp_mean": 1.81875,
      "fiedler_median_dist_to_cusp_mean": 2.0,
      "fiedler_in_cusp_count_mean": 1.125,
      "fiedler_in_halo_count_mean": 53.875,
      "fiedler_in_bulk_count_mean": 5.0,
      "global_mean_dist_to_cusp_mean": 1.836875,
      "global_max_dist_to_cusp_mean": 3.0,
      "random_30pct_mean_dist_to_cusp_mean": 1.8316666666666666,
      "k_fiedler_30pct_mean": 60.0,
      "fiedler_halo_fraction": 0.8979166666666667,
      "fiedler_cusp_fraction": 0.01875,
      "fiedler_bulk_fraction": 0.08333333333333333
    },
    {
      "regime": "P5N256",
      "N": 256,
      "n_seeds": 12,
      "status": "OK",
      "fiedler_mean_dist_to_cusp_mean": 1.8787878787878787,
      "fiedler_median_dist_to_cusp_mean": 2.0833333333333335,
      "fiedler_in_cusp_count_mean": 2.0,
      "fiedler_in_halo_count_mean": 63.583333333333336,
      "fiedler_in_bulk_count_mean": 11.416666666666666,
      "global_mean_dist_to_cusp_mean": 1.9498697916666667,
      "global_max_dist_to_cusp_mean": 3.0833333333333335,
      "random_30pct_mean_dist_to_cusp_mean": 1.9454545454545455,
      "k_fiedler_30pct_mean": 77.0,
      "fiedler_halo_fraction": 0.8257575757575758,
      "fiedler_cusp_fraction": 0.025974025974025976,
      "fiedler_bulk_fraction": 0.14826839826839827
    },
    {
      "regime": "P5N300",
      "N": 300,
      "n_seeds": 12,
      "status": "OK",
      "fiedler_mean_dist_to_cusp_mean": 1.8342592592592588,
      "fiedler_median_dist_to_cusp_mean": 2.0,
      "fiedler_in_cusp_count_mean": 2.4166666666666665,
      "fiedler_in_halo_count_mean": 77.5,
      "fiedler_in_bulk_count_mean": 10.083333333333334,
      "global_mean_dist_to_cusp_mean": 1.9591666666666667,
      "global_max_dist_to_cusp_mean": 3.0,
      "random_30pct_mean_dist_to_cusp_mean": 1.9661574074074073,
      "k_fiedler_30pct_mean": 90.0,
      "fiedler_halo_fraction": 0.8611111111111112,
      "fiedler_cusp_fraction": 0.02685185185185185,
      "fiedler_bulk_fraction": 0.11203703703703705
    },
    {
      "regime": "P5N512",
      "N": 512,
      "n_seeds": 12,
      "status": "OK",
      "fiedler_mean_dist_to_cusp_mean": 2.016233766233766,
      "fiedler_median_dist_to_cusp_mean": 2.0833333333333335,
      "fiedler_in_cusp_count_mean": 2.9166666666666665,
      "fiedler_in_halo_count_mean": 115.5,
      "fiedler_in_bulk_count_mean": 35.583333333333336,
      "global_mean_dist_to_cusp_mean": 2.1105143229166665,
      "global_max_dist_to_cusp_mean": 3.3333333333333335,
      "random_30pct_mean_dist_to_cusp_mean": 2.1091991341991343,
      "k_fiedler_30pct_mean": 154.0,
      "fiedler_halo_fraction": 0.75,
      "fiedler_cusp_fraction": 0.01893939393939394,
      "fiedler_bulk_fraction": 0.23106060606060608
    }
  ]
}