{
  "headline": "Lemma B R-loop: per-node-percentile + bulk/matter-core sub-Laplacian lambda_2 decomposition.",
  "ladder": [
    "P5",
    "P5N64",
    "P5N72",
    "P5N84",
    "P5N100",
    "P5N128",
    "P5N200",
    "P5N256",
    "P5N300",
    "P5N512"
  ],
  "percentiles_top": [
    0.5,
    0.2,
    0.1,
    0.05,
    0.01
  ],
  "percentiles_bot": [
    0.5,
    0.2,
    0.1,
    0.05,
    0.01
  ],
  "per_regime": [
    {
      "regime": "P5",
      "N": 50,
      "n_seeds_loaded": 28,
      "n_seeds_valid": 28,
      "status": "OK",
      "lambda2_full_mean": 0.514628304406466,
      "lambda2_top_50pct_mean": 0.45604345889175246,
      "lambda2_top_20pct_mean": 0.41622894286739454,
      "lambda2_top_10pct_mean": 0.5877056199278249,
      "lambda2_top_5pct_mean": 1.0972433555896575,
      "lambda2_top_1pct_mean": 1.0972433555896575,
      "lambda2_bot_50pct_mean": 0.42799300488295317,
      "lambda2_bot_20pct_mean": 0.392378168094044,
      "lambda2_bot_10pct_mean": 0.5546374156686265,
      "lambda2_bot_5pct_mean": 1.0958891613509216,
      "lambda2_bot_1pct_mean": 1.0958891613509216,
      "fiedler_p50_mean": 0.10720218820862189,
      "fiedler_p90_mean": 0.22122962640618565,
      "fiedler_p95_mean": 0.2556598466825373,
      "fiedler_p99_mean": 0.2911482774662325,
      "fiedler_max_mean": 0.3006065076242682,
      "fiedler_PR_mean": 22.457575183832173
    },
    {
      "regime": "P5N64",
      "N": 64,
      "n_seeds_loaded": 24,
      "n_seeds_valid": 24,
      "status": "OK",
      "lambda2_full_mean": 0.4862411624382059,
      "lambda2_top_50pct_mean": 0.40916520602153367,
      "lambda2_top_20pct_mean": 0.2869237069442578,
      "lambda2_top_10pct_mean": 0.47456343026570974,
      "lambda2_top_5pct_mean": 1.1225046305438733,
      "lambda2_top_1pct_mean": 1.1225046305438733,
      "lambda2_bot_50pct_mean": 0.3853500245216713,
      "lambda2_bot_20pct_mean": 0.2906232366100267,
      "lambda2_bot_10pct_mean": 0.3717328255789701,
      "lambda2_bot_5pct_mean": 1.077966967308497,
      "lambda2_bot_1pct_mean": 1.077966967308497,
      "fiedler_p50_mean": 0.09333883509788114,
      "fiedler_p90_mean": 0.2034309671782345,
      "fiedler_p95_mean": 0.23365190581298045,
      "fiedler_p99_mean": 0.2711405675165331,
      "fiedler_max_mean": 0.28309670981796337,
      "fiedler_PR_mean": 26.912245914799076
    },
    {
      "regime": "P5N72",
      "N": 72,
      "n_seeds_loaded": 24,
      "n_seeds_valid": 24,
      "status": "OK",
      "lambda2_full_mean": 0.4754419137464885,
      "lambda2_top_50pct_mean": 0.3773478560515871,
      "lambda2_top_20pct_mean": 0.28472120546783547,
      "lambda2_top_10pct_mean": 0.4159226115808153,
      "lambda2_top_5pct_mean": 0.7610928680510733,
      "lambda2_top_1pct_mean": 1.0843382572050628,
      "lambda2_bot_50pct_mean": 0.38057297935716156,
      "lambda2_bot_20pct_mean": 0.2722753647944655,
      "lambda2_bot_10pct_mean": 0.32343210255976956,
      "lambda2_bot_5pct_mean": 0.7256918127123783,
      "lambda2_bot_1pct_mean": 1.0502232731084804,
      "fiedler_p50_mean": 0.08831324017986746,
      "fiedler_p90_mean": 0.18672986632489072,
      "fiedler_p95_mean": 0.2162000206719771,
      "fiedler_p99_mean": 0.2538974977249322,
      "fiedler_max_mean": 0.26759879742967313,
      "fiedler_PR_mean": 30.862823610316667
    },
    {
      "regime": "P5N84",
      "N": 84,
      "n_seeds_loaded": 24,
      "n_seeds_valid": 24,
      "status": "OK",
      "lambda2_full_mean": 0.4609092662892594,
      "lambda2_top_50pct_mean": 0.3607131019568228,
      "lambda2_top_20pct_mean": 0.2545404199841001,
      "lambda2_top_10pct_mean": 0.2129122564792089,
      "lambda2_top_5pct_mean": 0.6408629759373481,
      "lambda2_top_1pct_mean": 1.0764928680187706,
      "lambda2_bot_50pct_mean": 0.37310399434344105,
      "lambda2_bot_20pct_mean": 0.2466535109106094,
      "lambda2_bot_10pct_mean": 0.20399893006590733,
      "lambda2_bot_5pct_mean": 0.5857846010404603,
      "lambda2_bot_1pct_mean": 1.0616283737378398,
      "fiedler_p50_mean": 0.08087163232948065,
      "fiedler_p90_mean": 0.17524543151439742,
      "fiedler_p95_mean": 0.20122488976694822,
      "fiedler_p99_mean": 0.2370281305611057,
      "fiedler_max_mean": 0.2516407849347955,
      "fiedler_PR_mean": 35.84358761039979
    },
    {
      "regime": "P5N100",
      "N": 100,
      "n_seeds_loaded": 24,
      "n_seeds_valid": 24,
      "status": "OK",
      "lambda2_full_mean": 0.4410212400029154,
      "lambda2_top_50pct_mean": 0.3432922117668955,
      "lambda2_top_20pct_mean": 0.25526514384771865,
      "lambda2_top_10pct_mean": 0.20101954720348605,
      "lambda2_top_5pct_mean": 0.4544870575149991,
      "lambda2_top_1pct_mean": 1.0734122771161119,
      "lambda2_bot_50pct_mean": 0.3522699665624849,
      "lambda2_bot_20pct_mean": 0.2166284909130364,
      "lambda2_bot_10pct_mean": 0.18980982521476233,
      "lambda2_bot_5pct_mean": 0.384322557244179,
      "lambda2_bot_1pct_mean": 1.1406249533022512,
      "fiedler_p50_mean": 0.071730992028412,
      "fiedler_p90_mean": 0.16208092959916695,
      "fiedler_p95_mean": 0.18587543753192984,
      "fiedler_p99_mean": 0.22475633022845898,
      "fiedler_max_mean": 0.23385549248673143,
      "fiedler_PR_mean": 41.25800512966574
    },
    {
      "regime": "P5N128",
      "N": 128,
      "n_seeds_loaded": 12,
      "n_seeds_valid": 12,
      "status": "OK",
      "lambda2_full_mean": 0.39689965642921327,
      "lambda2_top_50pct_mean": 0.2868665889594379,
      "lambda2_top_20pct_mean": 0.1643968519136858,
      "lambda2_top_10pct_mean": 0.12506420122654577,
      "lambda2_top_5pct_mean": 0.22207265108642618,
      "lambda2_top_1pct_mean": 1.0399232267469332,
      "lambda2_bot_50pct_mean": 0.32151402049532396,
      "lambda2_bot_20pct_mean": 0.1884288594306497,
      "lambda2_bot_10pct_mean": 0.13290898835502074,
      "lambda2_bot_5pct_mean": 0.445738244566445,
      "lambda2_bot_1pct_mean": 1.1109284708660614,
      "fiedler_p50_mean": 0.06067181472688835,
      "fiedler_p90_mean": 0.14392929029801596,
      "fiedler_p95_mean": 0.16588321181307536,
      "fiedler_p99_mean": 0.2111184261745256,
      "fiedler_max_mean": 0.22981459286058606,
      "fiedler_PR_mean": 47.70000245139997
    },
    {
      "regime": "P5N200",
      "N": 200,
      "n_seeds_loaded": 8,
      "n_seeds_valid": 8,
      "status": "OK",
      "lambda2_full_mean": 0.4197898619809064,
      "lambda2_top_50pct_mean": 0.2972858933238547,
      "lambda2_top_20pct_mean": 0.1708121365089943,
      "lambda2_top_10pct_mean": 0.09984181425771972,
      "lambda2_top_5pct_mean": 0.05742718488477465,
      "lambda2_top_1pct_mean": 1.1632594190598398,
      "lambda2_bot_50pct_mean": 0.32519419251994997,
      "lambda2_bot_20pct_mean": 0.17462131521764937,
      "lambda2_bot_10pct_mean": 0.12302103426225622,
      "lambda2_bot_5pct_mean": 0.05320999525049101,
      "lambda2_bot_1pct_mean": 1.171958626370519,
      "fiedler_p50_mean": 0.04525023819777426,
      "fiedler_p90_mean": 0.11749404232873628,
      "fiedler_p95_mean": 0.13976235609523072,
      "fiedler_p99_mean": 0.1775113737710719,
      "fiedler_max_mean": 0.20116121607231344,
      "fiedler_PR_mean": 67.40684077385231
    },
    {
      "regime": "P5N256",
      "N": 256,
      "n_seeds_loaded": 12,
      "n_seeds_valid": 12,
      "status": "OK",
      "lambda2_full_mean": 0.40671290679483313,
      "lambda2_top_50pct_mean": 0.29519491733466396,
      "lambda2_top_20pct_mean": 0.15224522514561964,
      "lambda2_top_10pct_mean": 0.07966378941856934,
      "lambda2_top_5pct_mean": 0.06392123935124593,
      "lambda2_top_1pct_mean": 1.0769290276566414,
      "lambda2_bot_50pct_mean": 0.3029265573032541,
      "lambda2_bot_20pct_mean": 0.16166049668113897,
      "lambda2_bot_10pct_mean": 0.0978336013296811,
      "lambda2_bot_5pct_mean": 0.05927025791954696,
      "lambda2_bot_1pct_mean": 1.1110935564322277,
      "fiedler_p50_mean": 0.04145122537648276,