{
  "title": "Per-seed branch classifier + per-branch Symanzik fit",
  "thresholds": {
    "vac_max": 0.385,
    "matter_min": 0.395
  },
  "per_regime": {
    "P5N200": {
      "N": 200,
      "vac_mean": NaN,
      "mat_mean": 0.4197898619809064
    },
    "P5N256": {
      "N": 256,
      "vac_mean": 0.37172107099678325,
      "mat_mean": 0.4116249685863423
    },
    "P5N300": {
      "N": 300,
      "vac_mean": NaN,
      "mat_mean": 0.40703888674410466
    },
    "P5N512": {
      "N": 512,
      "vac_mean": 0.3823659305508546,
      "mat_mean": 0.4050740844192417
    },
    "P5N600": {
      "N": 600,
      "vac_mean": NaN,
      "mat_mean": 0.4008605527102164
    },
    "P5N700": {
      "N": 700,
      "vac_mean": NaN,
      "mat_mean": 0.4060802579698928
    },
    "P5N1024": {
      "N": 1024,
      "vac_mean": NaN,
      "mat_mean": 0.40988305827361876
    },
    "P5N2048": {
      "N": 2048,
      "vac_mean": NaN,
      "mat_mean": 0.43675122912615355
    }
  },
  "per_seed_data": {
    "P5N200": {
      "N": 200,
      "lams": [
        0.42174743662945285,
        0.40980278590204355,
        0.4106801856287043,
        0.4314432450227209,
        0.4067290250669887,
        0.42598913238597946,
        0.4361296647846662,
        0.41579742042669543
      ],
      "classes": [
        "MATTER",
        "MATTER",
        "MATTER",
        "MATTER",
        "MATTER",
        "MATTER",
        "MATTER",
        "MATTER"
      ],
      "vac_lams": [],
      "mat_lams": [
        0.42174743662945285,
        0.40980278590204355,
        0.4106801856287043,
        0.4314432450227209,
        0.4067290250669887,
        0.42598913238597946,
        0.4361296647846662,
        0.41579742042669543
      ],
      "vac_mean": NaN,
      "mat_mean": 0.4197898619809064
    },
    "P5N256": {
      "N": 256,
      "lams": [
        0.3925841246777908,
        0.4175916900333961,
        0.4275693137334556,
        0.4045778949640628,
        0.40792357035365884,
        0.39582273069753526,
        0.37172107099678325,
        0.40127928835362003,
        0.4150929436115687,
        0.41859629875925075,
        0.40875222238626235,
        0.4190437329706126
      ],
      "classes": [
        "TRANSITION",
        "MATTER",
        "MATTER",
        "MATTER",
        "MATTER",
        "MATTER",
        "VAC",
        "MATTER",
        "MATTER",
        "MATTER",
        "MATTER",
        "MATTER"
      ],
      "vac_lams": [
        0.37172107099678325
      ],
      "mat_lams": [
        0.4175916900333961,
        0.4275693137334556,
        0.4045778949640628,
        0.40792357035365884,
        0.39582273069753526,
        0.40127928835362003,
        0.4150929436115687,
        0.41859629875925075,
        0.40875222238626235,
        0.4190437329706126
      ],
      "vac_mean": 0.37172107099678325,
      "mat_mean": 0.4116249685863423
    },
    "P5N300": {
      "N": 300,
      "lams": [
        0.39903226835161265,
        0.40644078494297436,
        0.41002492512767724,
        0.3965830264519711,
        0.3932485998174519,
        0.3949115631473131,
        0.4049368278255464,
        0.4339011283478469,
        0.39987222238682785,
        0.39919982189944614,
        0.41463456304666596,
        0.4057632990604779
      ],
      "classes": [
        "MATTER",
        "MATTER",
        "MATTER",
        "MATTER",
        "TRANSITION",
        "TRANSITION",
        "MATTER",
        "MATTER",
        "MATTER",
        "MATTER",
        "MATTER",
        "MATTER"
      ],
      "vac_lams": [],
      "mat_lams": [
        0.39903226835161265,
        0.40644078494297436,
        0.41002492512767724,
        0.3965830264519711,
        0.4049368278255464,
        0.4339011283478469,
        0.39987222238682785,
        0.39919982189944614,
        0.41463456304666596,
        0.4057632990604779
      ],
      "vac_mean": NaN,
      "mat_mean": 0.40703888674410466
    },
    "P5N512": {
      "N": 512,
      "lams": [
        0.39997073391786986,
        0.40956481979366216,
        0.4015971513641546,
        0.41330717674571055,
        0.3930070284154846,
        0.3974113213111939,
        0.41176569711790995,
        0.39560910384454073,
        0.409408167727559,
        0.3823659305508546,
        0.4070325879505747,
        0.3934882087470864
      ],
      "classes": [
        "MATTER",
        "MATTER",
        "MATTER",
        "MATTER",
        "TRANSITION",
        "MATTER",
        "MATTER",
        "MATTER",
        "MATTER",
        "VAC",
        "MATTER",
        "TRANSITION"
      ],
      "vac_lams": [
        0.3823659305508546
      ],
      "mat_lams": [
        0.39997073391786986,
        0.40956481979366216,
        0.4015971513641546,
        0.41330717674571055,
        0.3974113213111939,
        0.41176569711790995,
        0.39560910384454073,
        0.409408167727559,
        0.4070325879505747
      ],
      "vac_mean": 0.3823659305508546,
      "mat_mean": 0.4050740844192417
    },
    "P5N600": {
      "N": 600,
      "lams": [
        0.40082245511596115,
        0.3987193691790112,
        0.3918368548767948,
        0.40586933920519824,
        0.40036027004081487,
        0.3991568328481479,
        0.4051279278093845,
        0.4016865607882174,
        0.3968121274888327,
        0.3905821732276882,
        0.39919009191638016,
        0.38861379182322464
      ],
      "classes": [
        "MATTER",
        "MATTER",
        "TRANSITION",
        "MATTER",
        "MATTER",
        "MATTER",
        "MATTER",
        "MATTER",
        "MATTER",
        "TRANSITION",
        "MATTER",
        "TRANSITION"
      ],
      "vac_lams": [],
      "mat_lams": [
        0.40082245511596115,
        0.3987193691790112,
        0.40586933920519824,
        0.40036027004081487,
        0.3991568328481479,
        0.4051279278093845,
        0.4016865607882174,
        0.3968121274888327,
        0.39919009191638016
      ],
      "vac_mean": NaN,
      "mat_mean": 0.4008605527102164
    },
    "P5N700": {
      "N": 700,
      "lams": [
        0.3974553521460018,
        0.40336425915205154,
        0.4197864058411233,
        0.40481329784578207,
        0.40134550992992385,
        0.3986615529008511,
        0.392540132372461,
        0.40855053703535216,
        0.4128733145536713,
        0.4085772130922027,
        0.4107243718616077,
        0.40073102331025284
      ],
      "classes": [
        "MATTER",
        "MATTER",
        "MATTER",
        "MATTER",
        "MATTER",
        "MATTER",
        "TRANSITION",
        "MATTER",
        "MATTER",
        "MATTER",
        "MATTER",
        "MATTER"
      ],
      "vac_lams": [],
      "mat_lams": [
        0.3974553521460018,
        0.40336425915205154,
        0.4197864058411233,
        0.40481329784578207,
        0.40134550992992385,
        0.3986615529008511,
        0.40855053703535216,
        0.4128733145536713,
        0.4085772130922027,
        0.4107243718616077,
        0.40073102331025284
      ],
      "vac_mean": NaN,
      "mat_mean": 0.4060802579698928
    },
    "P5N1024": {
      "N": 1024,
      "lams": [
        0.40860404239076614,
        0.42322362727560137,
        0.4163147963283868,
        0.4118097888961203,
        0.40701085653479296,
        0.40015569149719316,
        0.4006604108080281,
        0.403587613551688,
        0.4144717007646047,
        0.41539126375646923,
        0.40306098348841896,
        0.4143059239913552
      ],
      "classes": [
        "MATTER",
        "MATTER",
        "MATTER",
        "MATTER",
        "MATTER",
        "MATTER",
        "MATTER",
        "MATTER",
        "MATTER",
        "MATTER",
        "MATTER",
        "MATTER"
      ],
      "vac_lams": [],