{
  "headline": "Lemma B (uniform spectral gap) empirical certification: cross-seed mean and bootstrap CI of lambda_2(L_N) on the 10-regime canonical-physics ladder N in {50,64,72,84,100,128,200,256,300,512}.",
  "method": "L_N = I - D_N^{-1/2} W_N D_N^{-1/2} with W_N = Xi_N - I (off-diagonal Xi) and D_N = diag(W_N @ 1). lambda_2 = smallest non-zero eigenvalue. Per-regime mean, std, min, max, and bootstrap-95% CI across all available seeds (snapshot last-timestep per seed).",
  "boot_resamples": 1000,
  "rng_seed": 42,
  "per_regime": [
    {
      "regime": "P5",
      "N": 50,
      "n_seeds_loaded": 28,
      "n_seeds_valid": 28,
      "lambda_2_per_seed": [
        0.5241300102534392,
        0.5174208943095302,
        0.5182250846501689,
        0.528615966247403,
        0.5006020482768834,
        0.5414227970998535,
        0.48642864278741815,
        0.5023152857224386,
        0.5221048976410356,
        0.5441430365021099,
        0.5238909595248414,
        0.5066431381829315,
        0.5350072739908412,
        0.46273695749306737,
        0.5411225590275427,
        0.5019363385886473,
        0.48596834781406245,
        0.5812150323492188,
        0.5027540154796837,
        0.5031247724492257,
        0.5380667299067764,
        0.5396221389205315,
        0.49985590739664454,
        0.5467934553983739,
        0.5455230242263718,
        0.4575166439321729,
        0.5037429792932371,
        0.4486635859165962
      ],
      "lambda_2_mean": 0.514628304406466,
      "lambda_2_std": 0.029725445116226983,
      "lambda_2_min": 0.4486635859165962,
      "lambda_2_max": 0.5812150323492188,
      "lambda_2_ci95": [
        0.5048134851666823,
        0.5258460386626539
      ],
      "poincare_constant_max": 2.2288414558026863,
      "poincare_constant_mean": 1.9431500200000185,
      "status": "OK"
    },
    {
      "regime": "P5N64",
      "N": 64,
      "n_seeds_loaded": 24,
      "n_seeds_valid": 24,
      "lambda_2_per_seed": [
        0.4707082933483448,
        0.47708553560901185,
        0.4914809571903155,
        0.5111329200939909,
        0.4973081719466367,
        0.43271654824291855,
        0.5388100534653362,
        0.48009831010324266,
        0.46148179883320734,
        0.4892545430596676,
        0.4710354260956324,
        0.456552399093543,
        0.5161017882467187,
        0.4764363747567076,
        0.533498916952922,
        0.4739744692471572,
        0.5130492468029418,
        0.5163338475276176,
        0.4769788137585423,
        0.5287662473887399,
        0.44442793359698346,
        0.45909380465361244,
        0.47097642022615405,
        0.48248507827699694
      ],
      "lambda_2_mean": 0.4862411624382059,
      "lambda_2_std": 0.028066613951651897,
      "lambda_2_min": 0.43271654824291855,
      "lambda_2_max": 0.5388100534653362,
      "lambda_2_ci95": [
        0.47564441161929866,
        0.4971447900965547
      ],
      "poincare_constant_max": 2.310981643897334,
      "poincare_constant_mean": 2.0565926483591057,
      "status": "OK"
    },
    {
      "regime": "P5N72",
      "N": 72,
      "n_seeds_loaded": 24,
      "n_seeds_valid": 24,
      "lambda_2_per_seed": [
        0.4768443551164474,
        0.48993262159947853,
        0.5096489351624254,
        0.49491292215899263,
        0.48176833322726526,
        0.5351718209020341,
        0.4459421490944789,
        0.49250664895526686,
        0.46514275700258934,
        0.44967129884976015,
        0.46317992365682337,
        0.5110554489681635,
        0.4527096893758629,
        0.45942335281458707,
        0.45724688425723087,
        0.4669890207655234,
        0.4883703299723554,
        0.4723780001699803,
        0.47049888486101016,
        0.47468697115339586,
        0.4445257540276553,
        0.5044950692131319,
        0.43423040811027896,
        0.4692743505009856
      ],
      "lambda_2_mean": 0.4754419137464885,
      "lambda_2_std": 0.024346152054529436,
      "lambda_2_min": 0.43423040811027896,
      "lambda_2_max": 0.5351718209020341,
      "lambda_2_ci95": [
        0.4662876836837348,
        0.4852230330804307
      ],
      "poincare_constant_max": 2.3029248558429742,
      "poincare_constant_mean": 2.103306357910238,
      "status": "OK"
    },
    {
      "regime": "P5N84",
      "N": 84,
      "n_seeds_loaded": 24,
      "n_seeds_valid": 24,
      "lambda_2_per_seed": [
        0.4558252899991193,
        0.456178152299463,
        0.4559226621277983,
        0.5000224577451486,
        0.4656538928534428,
        0.44237766724705085,
        0.4818314110733334,
        0.43301909519219195,
        0.43227744187029715,
        0.4603500884528739,
        0.4350213254249637,
        0.4228700294919064,
        0.49770721068871443,
        0.4864922962894433,
        0.485235288727614,
        0.48103787778760143,
        0.4857593684702006,
        0.45397004020153653,
        0.4047897753212791,
        0.49121236710134164,
        0.4496701602065623,
        0.4461197077614142,
        0.4664025301293211,
        0.47207625447960666
      ],
      "lambda_2_mean": 0.4609092662892594,
      "lambda_2_std": 0.02498739592401652,
      "lambda_2_min": 0.4047897753212791,
      "lambda_2_max": 0.5000224577451486,
      "lambda_2_ci95": [
        0.451288498923955,
        0.47048040333194724
      ],
      "poincare_constant_max": 2.47041813051307,
      "poincare_constant_mean": 2.1696244209861812,
      "status": "OK"
    },
    {
      "regime": "P5N100",
      "N": 100,
      "n_seeds_loaded": 24,
      "n_seeds_valid": 24,
      "lambda_2_per_seed": [
        0.41790182686869176,
        0.4277460985283807,
        0.43768373941376487,
        0.46079701149605373,
        0.45239657368305414,
        0.4267264059136818,
        0.44256682927799884,
        0.4268429330180868,
        0.42040235348028443,
        0.42835978978963035,
        0.4368378625070171,
        0.45684365523977427,
        0.4126262216357954,
        0.4920690930446306,
        0.4509061016502039,
        0.41358995329104453,
        0.4567377947725556,
        0.49400115689428736,
        0.45268596929525584,
        0.43035966449671564,
        0.4478927523407947,
        0.4387233248313539,
        0.43559787439200515,
        0.4242147742089076
      ],
      "lambda_2_mean": 0.4410212400029154,
      "lambda_2_std": 0.021298848837538766,
      "lambda_2_min": 0.4126262216357954,
      "lambda_2_max": 0.49400115689428736,
      "lambda_2_ci95": [
        0.4336831623943436,
        0.4500873481208383
      ],
      "poincare_constant_max": 2.423500852746703,
      "poincare_constant_mean": 2.2674644876364445,
      "status": "OK"
    },
    {
      "regime": "P5N128",
      "N": 128,
      "n_seeds_loaded": 12,
      "n_seeds_valid": 12,
      "lambda_2_per_seed": [
        0.3959687345734439,
        0.38793530000801335,
        0.39243030409408103,
        0.38264586135709266,
        0.379924721617905,
        0.40049770770570114,
        0.38560150992931724,
        0.3942938255016416,
        0.4274135702891013,
        0.4150999764544933,
        0.4113405629079912,
        0.38964380271177756
      ],
      "lambda_2_mean": 0.39689965642921327,
      "lambda_2_std": 0.014344598986640913,
      "lambda_2_min": 0.379924721617905,
      "lambda_2_max": 0.4274135702891013,
      "lambda_2_ci95": [
        0.39012884717913054,
        0.40582966069926035
      ],
      "poincare_constant_max": 2.6321003690981506,
      "poincare_constant_mean": 2.5195285100438207,
      "status": "OK"
    },
    {
      "regime": "P5N200",
      "N": 200,
      "n_seeds_loaded": 8,
      "n_seeds_valid": 8,
      "lambda_2_per_seed": [
        0.42174743662945285,
        0.40980278590204355,
        0.4106801856287043,
        0.4314432450227209,
        0.4067290250669887,
        0.42598913238597946,
        0.4361296647846662,
        0.41579742042669543
      ],
      "lambda_2_mean": 0.4197898619809064,