{
  "headline": "Lemma B W-loop: Fiedler-top-30% vs corpus-canonical t_00 (Galerkin), with cross-check vs row-variance proxy from earlier audit.",
  "ladder": [
    "P5N64",
    "P5N72",
    "P5N84",
    "P5N100",
    "P5N128",
    "P5N200",
    "P5N256",
    "P5N300",
    "P5N512"
  ],
  "max_seeds_per_regime": 6,
  "per_regime": [
    {
      "regime": "P5N64",
      "N": 64,
      "n_seeds": 6,
      "status": "OK",
      "J_fiedler30_vs_t00_top10_mean": 0.12512547838634794,
      "J_fiedler30_vs_t00_top30_mean": 0.3129521730003747,
      "J_fiedler30_vs_t00_top5_C95_mean": 0.06758563074352548,
      "J_fiedler30_vs_t00_top1_C99_mean": 0.06758563074352548,
      "J_fiedler30_vs_rowvar_top30_mean": 0.3365837227906194,
      "J_fiedler30_vs_rowvar_top10_mean": 0.18494729907773386,
      "J_rowvar30_vs_t00_top30_mean": 0.46710400497756827,
      "J_rowvar10_vs_t00_top10_mean": 0.43737373737373736,
      "rand_30_10_mean": 0.07671601615074024,
      "rand_30_30_mean": 0.17431192660550462,
      "rand_30_5_mean": 0.04219096965210955,
      "rand_30_1_mean": 0.04219096965210955
    },
    {
      "regime": "P5N72",
      "N": 72,
      "n_seeds": 6,
      "status": "OK",
      "J_fiedler30_vs_t00_top10_mean": 0.14691832858499526,
      "J_fiedler30_vs_t00_top30_mean": 0.2610127985127985,
      "J_fiedler30_vs_t00_top5_C95_mean": 0.07736714975845409,
      "J_fiedler30_vs_t00_top1_C99_mean": 0.051108915239350024,
      "J_fiedler30_vs_rowvar_top30_mean": 0.30441186646120233,
      "J_fiedler30_vs_rowvar_top10_mean": 0.15194802111468778,
      "J_rowvar30_vs_t00_top30_mean": 0.4787629994526546,
      "J_rowvar10_vs_t00_top10_mean": 0.39999999999999997,
      "rand_30_10_mean": 0.0796277145811789,
      "rand_30_30_mean": 0.18032786885245902,
      "rand_30_5_mean": 0.04932735426008969,
      "rand_30_1_mean": 0.03806228373702422
    },
    {
      "regime": "P5N84",
      "N": 84,
      "n_seeds": 6,
      "status": "OK",
      "J_fiedler30_vs_t00_top10_mean": 0.1612191767364181,
      "J_fiedler30_vs_t00_top30_mean": 0.2480388331210793,
      "J_fiedler30_vs_t00_top5_C95_mean": 0.08839506172839506,
      "J_fiedler30_vs_t00_top1_C99_mean": 0.06415954415954415,
      "J_fiedler30_vs_rowvar_top30_mean": 0.27645502645502645,
      "J_fiedler30_vs_rowvar_top10_mean": 0.13978744754606823,
      "J_rowvar30_vs_t00_top30_mean": 0.4171662817173653,
      "J_rowvar10_vs_t00_top10_mean": 0.332045732045732,
      "rand_30_10_mean": 0.07776049766718507,
      "rand_30_30_mean": 0.17482517482517482,
      "rand_30_5_mean": 0.04280821917808219,
      "rand_30_1_mean": 0.03293807641633729
    },
    {
      "regime": "P5N100",
      "N": 100,
      "n_seeds": 6,
      "status": "OK",
      "J_fiedler30_vs_t00_top10_mean": 0.12539590674265597,
      "J_fiedler30_vs_t00_top30_mean": 0.221078431372549,
      "J_fiedler30_vs_t00_top5_C95_mean": 0.05258467023172905,
      "J_fiedler30_vs_t00_top1_C99_mean": 0.027083333333333334,
      "J_fiedler30_vs_rowvar_top30_mean": 0.316229160910012,
      "J_fiedler30_vs_rowvar_top10_mean": 0.12257635787047554,
      "J_rowvar30_vs_t00_top30_mean": 0.44182854392723936,
      "J_rowvar10_vs_t00_top10_mean": 0.325046685340803,
      "rand_30_10_mean": 0.08108108108108109,
      "rand_30_30_mean": 0.17647058823529413,
      "rand_30_5_mean": 0.04477611940298507,
      "rand_30_1_mean": 0.028037383177570093
    },
    {
      "regime": "P5N128",
      "N": 128,
      "n_seeds": 6,
      "status": "OK",
      "J_fiedler30_vs_t00_top10_mean": 0.15913185099812402,
      "J_fiedler30_vs_t00_top30_mean": 0.24783770397667404,
      "J_fiedler30_vs_t00_top5_C95_mean": 0.07953333928943684,
      "J_fiedler30_vs_t00_top1_C99_mean": 0.04757647323436797,
      "J_fiedler30_vs_rowvar_top30_mean": 0.3204139250681553,
      "J_fiedler30_vs_rowvar_top10_mean": 0.1918241036079947,
      "J_rowvar30_vs_t00_top30_mean": 0.4723241464417935,
      "J_rowvar10_vs_t00_top10_mean": 0.25966810966810966,
      "rand_30_10_mean": 0.08186940669539278,
      "rand_30_30_mean": 0.17431192660550462,
      "rand_30_5_mean": 0.04219096965210955,
      "rand_30_1_mean": 0.022204908453447605
    },
    {
      "regime": "P5N200",
      "N": 200,
      "n_seeds": 6,
      "status": "OK",
      "J_fiedler30_vs_t00_top10_mean": 0.13571732461541908,
      "J_fiedler30_vs_t00_top30_mean": 0.21533035539567688,
      "J_fiedler30_vs_t00_top5_C95_mean": 0.09222052132499893,
      "J_fiedler30_vs_t00_top1_C99_mean": 0.032971972501322055,
      "J_fiedler30_vs_rowvar_top30_mean": 0.2691610358702308,
      "J_fiedler30_vs_rowvar_top10_mean": 0.16401192104516912,
      "J_rowvar30_vs_t00_top30_mean": 0.3874532389320822,
      "J_rowvar10_vs_t00_top10_mean": 0.29256834192874237,
      "rand_30_10_mean": 0.08108108108108109,
      "rand_30_30_mean": 0.17647058823529413,
      "rand_30_5_mean": 0.04477611940298507,
      "rand_30_1_mean": 0.014492753623188406
    },
    {
      "regime": "P5N256",
      "N": 256,
      "n_seeds": 6,
      "status": "OK",
      "J_fiedler30_vs_t00_top10_mean": 0.12841351494601225,
      "J_fiedler30_vs_t00_top30_mean": 0.24013169530016257,
      "J_fiedler30_vs_t00_top5_C95_mean": 0.07819604806692325,
      "J_fiedler30_vs_t00_top1_C99_mean": 0.0235896311845679,
      "J_fiedler30_vs_rowvar_top30_mean": 0.2543253534714635,
      "J_fiedler30_vs_rowvar_top10_mean": 0.12423160840814723,
      "J_rowvar30_vs_t00_top30_mean": 0.4290042235217674,
      "J_rowvar10_vs_t00_top10_mean": 0.29139644871352194,
      "rand_30_10_mean": 0.08216367068866454,
      "rand_30_30_mean": 0.17701149425287357,
      "rand_30_5_mean": 0.04541948364263351,
      "rand_30_1_mean": 0.011407970763988346
    },
    {
      "regime": "P5N300",
      "N": 300,
      "n_seeds": 6,
      "status": "OK",
      "J_fiedler30_vs_t00_top10_mean": 0.1232913393026248,
      "J_fiedler30_vs_t00_top30_mean": 0.2519131124386131,
      "J_fiedler30_vs_t00_top5_C95_mean": 0.07541272689299006,
      "J_fiedler30_vs_t00_top1_C99_mean": 0.016585708977013322,
      "J_fiedler30_vs_rowvar_top30_mean": 0.2846927831967655,
      "J_fiedler30_vs_rowvar_top10_mean": 0.1654169360051713,
      "J_rowvar30_vs_t00_top30_mean": 0.43680393645622956,
      "J_rowvar10_vs_t00_top10_mean": 0.2851010101010101,
      "rand_30_10_mean": 0.08108108108108109,
      "rand_30_30_mean": 0.17647058823529413,
      "rand_30_5_mean": 0.04477611940298507,
      "rand_30_1_mean": 0.009771986970684042
    },
    {
      "regime": "P5N512",
      "N": 512,
      "n_seeds": 6,
      "status": "OK",
      "J_fiedler30_vs_t00_top10_mean": 0.12780525530846185,
      "J_fiedler30_vs_t00_top30_mean": 0.2298978993030548,
      "J_fiedler30_vs_t00_top5_C95_mean": 0.08141635965382814,
      "J_fiedler30_vs_t00_top1_C99_mean": 0.017135549198421602,
      "J_fiedler30_vs_rowvar_top30_mean": 0.25901507022784936,
      "J_fiedler30_vs_rowvar_top10_mean": 0.14104617703156463,
      "J_rowvar30_vs_t00_top30_mean": 0.39197760344109484,
      "J_rowvar10_vs_t00_top10_mean": 0.26754449357359067,
      "rand_30_10_mean": 0.08088068708421725,
      "rand_30_30_mean": 0.17701149425287357,
      "rand_30_5_mean": 0.04541948364263351,
      "rand_30_1_mean": 0.009548847937696866
    }
  ]
}