{
  "per_regime": {
    "P5N100": {
      "N": 100,
      "n_seeds_used": 6,
      "per_step_means": [
        [
          0,
          0.43516214780329915
        ],
        [
          4,
          0.43528980074209606
        ],
        [
          8,
          0.4354174869155487
        ],
        [
          12,
          0.4355452086418394
        ],
        [
          16,
          0.4356729594010332
        ],
        [
          20,
          0.43580073827362414
        ],
        [
          24,
          0.4359285509786222
        ],
        [
          28,
          0.43605639658160683
        ],
        [
          32,
          0.4361842781122587
        ],
        [
          36,
          0.43631218483928663
        ],
        [
          40,
          0.43644012382980063
        ],
        [
          44,
          0.436568100212719
        ],
        [
          48,
          0.43669612860856794
        ],
        [
          52,
          0.43682419889121443
        ],
        [
          56,
          0.4369523007643264
        ],
        [
          60,
          0.4370804391777037
        ],
        [
          64,
          0.4372086093172711
        ]
      ]
    },
    "P5N128": {
      "N": 128,
      "n_seeds_used": 6,
      "per_step_means": [
        [
          0,
          0.38272598789526846
        ],
        [
          10,
          0.38308639742029205
        ],
        [
          20,
          0.38344659333019965
        ],
        [
          30,
          0.383806575397079
        ],
        [
          40,
          0.3841663612801993
        ],
        [
          50,
          0.3845259466512749
        ],
        [
          60,
          0.3848853455594819
        ],
        [
          70,
          0.38524456933367834
        ],
        [
          80,
          0.3856036217934473
        ],
        [
          90,
          0.38596250487178385
        ],
        [
          100,
          0.3863212199094139
        ],
        [
          110,
          0.3866797741101846
        ],
        [
          120,
          0.3870381721725554
        ],
        [
          130,
          0.3873964135919738
        ],
        [
          140,
          0.38775450964345337
        ],
        [
          150,
          0.3881124738853156
        ],
        [
          160,
          0.38847029744976513
        ],
        [
          170,
          0.38882799420425335
        ],
        [
          180,
          0.389185580439829
        ],
        [
          190,
          0.3895430598142018
        ],
        [
          200,
          0.38990043822603954
        ]
      ]
    },
    "P5N200": {
      "N": 200,
      "n_seeds_used": 6,
      "per_step_means": [
        [
          0,
          0.41290459167621424
        ],
        [
          8,
          0.41322219862642245
        ],
        [
          16,
          0.4135403584498038
        ],
        [
          24,
          0.4138591141731958
        ],
        [
          32,
          0.4141784641885313
        ],
        [
          40,
          0.4144984138894101
        ],
        [
          48,
          0.41481897245828675
        ],
        [
          56,
          0.4151401307560671
        ],
        [
          64,
          0.41546191153571027
        ],
        [
          72,
          0.41578430271787453
        ],
        [
          80,
          0.4161073051361557
        ],
        [
          88,
          0.41643094226962357
        ],
        [
          96,
          0.4167552187637309
        ],
        [
          104,
          0.4170801378885094
        ],
        [
          112,
          0.41740572046867813
        ],
        [
          120,
          0.417731968439315
        ]
      ]
    },
    "P5N256": {
      "N": 256,
      "n_seeds_used": 6,
      "per_step_means": [
        [
          0,
          0.4025546589475195
        ],
        [
          10,
          0.40297362933719555
        ],
        [
          20,
          0.4033939704779057
        ],
        [
          30,
          0.40381570205289075
        ],
        [
          40,
          0.40423885148019734
        ],
        [
          50,
          0.4046634626732178
        ],
        [
          60,
          0.40508956779468325
        ],
        [
          70,
          0.4055171705409409
        ],
        [
          80,
          0.4059462963177049
        ],
        [
          90,
          0.40637694901075694
        ],
        [
          100,
          0.4068091461974441
        ],
        [
          110,
          0.4072429056012788
        ],
        [
          120,
          0.40767822074331656
        ]
      ]
    },
    "P5N300": {
      "N": 300,
      "n_seeds_used": 6,
      "per_step_means": [
        [
          0,
          0.3945625822081939
        ],
        [
          10,
          0.39500903225874673
        ],
        [
          20,
          0.39545726660782604
        ],
        [
          30,
          0.3959072923228719
        ],
        [
          40,
          0.39635911461210593
        ],
        [
          50,
          0.39681275567079055
        ],
        [
          60,
          0.39726820029226206
        ],
        [
          70,
          0.3977254860704807
        ],
        [
          80,
          0.39818461440391145
        ],
        [
          90,
          0.3986456342809122
        ],
        [
          100,
          0.39910856868879346
        ],
        [
          110,
          0.3995734296415269
        ],
        [
          120,
          0.4000401946398335
        ]
      ]
    },
    "P5N512": {
      "N": 512,
      "n_seeds_used": 6,
      "per_step_means": [
        [
          0,
          0.3954772275360856
        ],
        [
          10,
          0.3960415872233558
        ],
        [
          20,
          0.39660930215833035
        ],
        [
          30,
          0.3971804058297108
        ],
        [
          40,
          0.3977548819026287
        ],
        [
          50,
          0.3983327843914877
        ],
        [
          60,
          0.3989141505154687
        ],
        [
          70,
          0.39949897031523013
        ],
        [
          80,
          0.40008730166876044
        ],
        [
          90,
          0.4006791923313968
        ],
        [
          100,
          0.4012746396054621
        ],
        [
          110,
          0.4018737002063546
        ],
        [
          120,
          0.40247637192467933
        ]
      ]
    },
    "P5N600": {
      "N": 600,
      "n_seeds_used": 1,
      "per_step_means": [
        [
          0,
          0.3934064088739442
        ],
        [
          10,
          0.3940012332856836
        ],
        [
          20,
          0.39460018644558353
        ],
        [
          30,
          0.3952032903174668
        ]
      ]
    },
    "P5N1024": {
      "N": 1024,
      "n_seeds_used": 6,
      "per_step_means": [
        [
          0,
          0.40089997904746516
        ],
        [
          10,
          0.4017207385349322
        ],
        [
          20,
          0.402548047881889
        ],
        [
          30,
          0.4033819376502706
        ],
        [
          40,
          0.4042224213807371
        ],
        [
          50,
          0.405069504125054
        ],
        [
          60,
          0.405923237269812
        ],
        [
          70,
          0.406783655648927
        ],
        [
          80,
          0.40765073610978936
        ],
        [
          90,
          0.40852453441458864
        ],
        [
          100,
          0.4094050810453538
        ],
        [
          110,
          0.41029238332199275
        ],
        [
          120,
          0.41118646715381013
        ]
      ]
    },
    "P5N2048": {
      "N": 2048,
      "n_seeds_used": 3,