{
  "headline": "Lemma B S-loop: structural identification of the spectrally-active 30% set (Fiedler-amplitude top-30%) via Jaccard overlap with row-sum (matter-core/bulk) classification.",
  "per_regime": [
    {
      "regime": "P5",
      "N": 50,
      "n_seeds_loaded": 28,
      "n_seeds_valid": 28,
      "status": "OK",
      "jaccard_fiedler_vs_core_top30_mean": 0.22650985470111623,
      "jaccard_fiedler_vs_core_top30_std": 0.08480843590960338,
      "jaccard_fiedler_vs_bulk_bot30_mean": 0.13821961664379742,
      "jaccard_fiedler_vs_bulk_bot30_std": 0.0606714574597463,
      "jaccard_fiedler_vs_core_top50_mean": 0.25851849149677736,
      "jaccard_fiedler_vs_core_top50_std": 0.07492475517081781,
      "jaccard_fiedler_vs_bulk_bot50_mean": 0.21217196683634648,
      "jaccard_fiedler_vs_bulk_bot50_std": 0.07153212189767434,
      "jaccard_random_baseline_30_30_mean": 0.17647058823529416,
      "jaccard_random_baseline_30_30_std": 2.826489471459779e-17
    },
    {
      "regime": "P5N64",
      "N": 64,
      "n_seeds_loaded": 24,
      "n_seeds_valid": 24,
      "status": "OK",
      "jaccard_fiedler_vs_core_top30_mean": 0.25570438567798104,
      "jaccard_fiedler_vs_core_top30_std": 0.09229046091620637,
      "jaccard_fiedler_vs_bulk_bot30_mean": 0.1282733933437534,
      "jaccard_fiedler_vs_bulk_bot30_std": 0.07905401285445138,
      "jaccard_fiedler_vs_core_top50_mean": 0.27631882376290456,
      "jaccard_fiedler_vs_core_top50_std": 0.0734563207265262,
      "jaccard_fiedler_vs_bulk_bot50_mean": 0.19148980742204993,
      "jaccard_fiedler_vs_bulk_bot50_std": 0.0622027909262869,
      "jaccard_random_baseline_30_30_mean": 0.17431192660550457,
      "jaccard_random_baseline_30_30_std": 2.8352538009326866e-17
    },
    {
      "regime": "P5N72",
      "N": 72,
      "n_seeds_loaded": 24,
      "n_seeds_valid": 24,
      "status": "OK",
      "jaccard_fiedler_vs_core_top30_mean": 0.260755111448897,
      "jaccard_fiedler_vs_core_top30_std": 0.08235584458648666,
      "jaccard_fiedler_vs_bulk_bot30_mean": 0.11472561800725517,
      "jaccard_fiedler_vs_bulk_bot30_std": 0.04819539578232859,
      "jaccard_fiedler_vs_core_top50_mean": 0.30083739175730356,
      "jaccard_fiedler_vs_core_top50_std": 0.05643331959496018,
      "jaccard_fiedler_vs_bulk_bot50_mean": 0.1773935895045604,
      "jaccard_fiedler_vs_bulk_bot50_std": 0.04594741666272682,
      "jaccard_random_baseline_30_30_mean": 0.18032786885245902,
      "jaccard_random_baseline_30_30_std": 0.0
    },
    {
      "regime": "P5N84",
      "N": 84,
      "n_seeds_loaded": 24,
      "n_seeds_valid": 24,
      "status": "OK",
      "jaccard_fiedler_vs_core_top30_mean": 0.2537864379353916,
      "jaccard_fiedler_vs_core_top30_std": 0.07055407447965133,
      "jaccard_fiedler_vs_bulk_bot30_mean": 0.11249905035569956,
      "jaccard_fiedler_vs_bulk_bot30_std": 0.0403821820841377,
      "jaccard_fiedler_vs_core_top50_mean": 0.300723086448425,
      "jaccard_fiedler_vs_core_top50_std": 0.06356027994427574,
      "jaccard_fiedler_vs_bulk_bot50_mean": 0.16979489321658145,
      "jaccard_fiedler_vs_bulk_bot50_std": 0.04960743649313151,
      "jaccard_random_baseline_30_30_mean": 0.17482517482517482,
      "jaccard_random_baseline_30_30_std": 0.0
    },
    {
      "regime": "P5N100",
      "N": 100,
      "n_seeds_loaded": 24,
      "n_seeds_valid": 24,
      "status": "OK",
      "jaccard_fiedler_vs_core_top30_mean": 0.24502687306805107,
      "jaccard_fiedler_vs_core_top30_std": 0.07862818433853912,
      "jaccard_fiedler_vs_bulk_bot30_mean": 0.12905590450992177,
      "jaccard_fiedler_vs_bulk_bot30_std": 0.05279457218507095,
      "jaccard_fiedler_vs_core_top50_mean": 0.2888767563101693,
      "jaccard_fiedler_vs_core_top50_std": 0.06217855515659711,
      "jaccard_fiedler_vs_bulk_bot50_mean": 0.18233622308474498,
      "jaccard_fiedler_vs_bulk_bot50_std": 0.053012631632496345,
      "jaccard_random_baseline_30_30_mean": 0.17647058823529413,
      "jaccard_random_baseline_30_30_std": 0.0
    },
    {
      "regime": "P5N128",
      "N": 128,
      "n_seeds_loaded": 12,
      "n_seeds_valid": 12,
      "status": "OK",
      "jaccard_fiedler_vs_core_top30_mean": 0.28670690924513437,
      "jaccard_fiedler_vs_core_top30_std": 0.07370079049992412,
      "jaccard_fiedler_vs_bulk_bot30_mean": 0.10795840868232671,
      "jaccard_fiedler_vs_bulk_bot30_std": 0.037729117508007136,
      "jaccard_fiedler_vs_core_top50_mean": 0.31778861749464676,
      "jaccard_fiedler_vs_core_top50_std": 0.047798114426200244,
      "jaccard_fiedler_vs_bulk_bot50_mean": 0.1537630645193274,
      "jaccard_fiedler_vs_bulk_bot50_std": 0.040139826744090445,
      "jaccard_random_baseline_30_30_mean": 0.17431192660550462,
      "jaccard_random_baseline_30_30_std": 2.8989753257218837e-17
    },
    {
      "regime": "P5N200",
      "N": 200,
      "n_seeds_loaded": 8,
      "n_seeds_valid": 8,
      "status": "OK",
      "jaccard_fiedler_vs_core_top30_mean": 0.24741443489511974,
      "jaccard_fiedler_vs_core_top30_std": 0.0562002099536699,
      "jaccard_fiedler_vs_bulk_bot30_mean": 0.1099420768460513,
      "jaccard_fiedler_vs_bulk_bot30_std": 0.042199518020046664,
      "jaccard_fiedler_vs_core_top50_mean": 0.3092113504438138,
      "jaccard_fiedler_vs_core_top50_std": 0.05044977156905437,
      "jaccard_fiedler_vs_bulk_bot50_mean": 0.16389531708427346,
      "jaccard_fiedler_vs_bulk_bot50_std": 0.042540476498016594,
      "jaccard_random_baseline_30_30_mean": 0.17647058823529413,
      "jaccard_random_baseline_30_30_std": 0.0
    },
    {
      "regime": "P5N256",
      "N": 256,
      "n_seeds_loaded": 12,
      "n_seeds_valid": 12,
      "status": "OK",
      "jaccard_fiedler_vs_core_top30_mean": 0.2626425232547305,
      "jaccard_fiedler_vs_core_top30_std": 0.04161067816449815,
      "jaccard_fiedler_vs_bulk_bot30_mean": 0.10603969943744378,
      "jaccard_fiedler_vs_bulk_bot30_std": 0.030332795874527037,
      "jaccard_fiedler_vs_core_top50_mean": 0.3116730563923118,
      "jaccard_fiedler_vs_core_top50_std": 0.02317088700847978,
      "jaccard_fiedler_vs_bulk_bot50_mean": 0.1606319823838557,
      "jaccard_fiedler_vs_bulk_bot50_std": 0.017902203372848695,
      "jaccard_random_baseline_30_30_mean": 0.17701149425287357,
      "jaccard_random_baseline_30_30_std": 0.0
    },
    {
      "regime": "P5N300",
      "N": 300,
      "n_seeds_loaded": 12,
      "n_seeds_valid": 12,
      "status": "OK",
      "jaccard_fiedler_vs_core_top30_mean": 0.26816581686579505,
      "jaccard_fiedler_vs_core_top30_std": 0.027706724639512004,
      "jaccard_fiedler_vs_bulk_bot30_mean": 0.1068262998315986,
      "jaccard_fiedler_vs_bulk_bot30_std": 0.01784722119600625,
      "jaccard_fiedler_vs_core_top50_mean": 0.30826522679305496,
      "jaccard_fiedler_vs_core_top50_std": 0.02269606340852109,
      "jaccard_fiedler_vs_bulk_bot50_mean": 0.16248608619489413,
      "jaccard_fiedler_vs_bulk_bot50_std": 0.018170363739442072,
      "jaccard_random_baseline_30_30_mean": 0.17647058823529413,
      "jaccard_random_baseline_30_30_std": 0.0
    },
    {
      "regime": "P5N512",
      "N": 512,
      "n_seeds_loaded": 12,
      "n_seeds_valid": 12,
      "status": "OK",
      "jaccard_fiedler_vs_core_top30_mean": 0.2533175009089207,
      "jaccard_fiedler_vs_core_top30_std": 0.042184199463350495,
      "jaccard_fiedler_vs_bulk_bot30_mean": 0.11980076150945196,
      "jaccard_fiedler_vs_bulk_bot30_std": 0.02423145123651802,
      "jaccard_fiedler_vs_core_top50_mean": 0.2927772049917262,
      "jaccard_fiedler_vs_core_top50_std": 0.02452952666606021,
      "jaccard_fiedler_vs_bulk_bot50_mean": 0.1759365550512694,
      "jaccard_fiedler_vs_bulk_bot50_std": 0.019810263358327945,
      "jaccard_random_baseline_30_30_mean": 0.17701149425287357,
      "jaccard_random_baseline_30_30_std": 0.0
    }
  ]
}