{
  "method": "verify_O5_spatial_running_lambda_p5n512",
  "branch_metadata": {
    "causal_wave_branch": "matter",
    "branch_rationale": "Emergent-GR matter-source repository default fallback",
    "schema": "worldformula/branch_metadata/v1"
  },
  "schema_version": "1.0.0",
  "constants": {
    "alpha_xi": 0.9,
    "gamma": 0.1,
    "kappa_O5": 0.010000000000000002,
    "lambda_t_target": 0.81,
    "lambda_s_target": -0.005000000000000001
  },
  "ladder": [
    "P5",
    "P5N64",
    "P5N100",
    "P5N300",
    "P5N512",
    "P5N256"
  ],
  "rows": [
    {
      "regime_label": "P5",
      "N": 50,
      "n_seeds": 12,
      "lt_mean": {
        "mean": 0.8180999999999999,
        "std": 1.537034178252068e-16,
        "min": 0.8180999999999998,
        "max": 0.8181000000000003
      },
      "ls_mean": {
        "mean": -0.00505,
        "std": 1.6608712803614959e-18,
        "min": -0.0050500000000000015,
        "max": -0.00505
      },
      "frob_median": {
        "mean": 0.03849760040489408,
        "std": 0.014436241287495615,
        "min": 0.028043569679930564,
        "max": 0.08312579780815245
      },
      "frob_mean": {
        "mean": 0.2475028511184664,
        "std": 0.12283303114705701,
        "min": 0.04293920886606482,
        "max": 0.47120621718014677
      }
    },
    {
      "regime_label": "P5N64",
      "N": 64,
      "n_seeds": 12,
      "lt_mean": {
        "mean": 0.8180999999999999,
        "std": 1.1102230246251565e-16,
        "min": 0.8181,
        "max": 0.8181
      },
      "ls_mean": {
        "mean": -0.00505,
        "std": 8.673617379884035e-19,
        "min": -0.005050000000000001,
        "max": -0.005050000000000001
      },
      "frob_median": {
        "mean": 0.028530523933874775,
        "std": 0.0039782854030418055,
        "min": 0.023670743648661202,
        "max": 0.03912846289670939
      },
      "frob_mean": {
        "mean": 0.15584386756668497,
        "std": 0.12565640443572845,
        "min": 0.030883311021242116,
        "max": 0.42518777076667635
      }
    },
    {
      "regime_label": "P5N100",
      "N": 100,
      "n_seeds": 12,
      "lt_mean": {
        "mean": 0.8180999999999999,
        "std": 1.896066778761455e-16,
        "min": 0.8181,
        "max": 0.8181000000000003
      },
      "ls_mean": {
        "mean": -0.005050000000000001,
        "std": 9.69739903612216e-19,
        "min": -0.005050000000000002,
        "max": -0.00505
      },
      "frob_median": {
        "mean": 0.02466803343564737,
        "std": 0.0038148217045135303,
        "min": 0.020540026784248322,
        "max": 0.03103081716415813
      },
      "frob_mean": {
        "mean": 0.08294729283384364,
        "std": 0.05088234021621866,
        "min": 0.028492060049185534,
        "max": 0.18250653906626307
      }
    },
    {
      "regime_label": "P5N300",
      "N": 300,
      "n_seeds": 12,
      "lt_mean": {
        "mean": 0.8180999999999999,
        "std": 1.5700924586837752e-16,
        "min": 0.8181,
        "max": 0.8181000000000002
      },
      "ls_mean": {
        "mean": -0.00505,
        "std": 1.2266347333466993e-18,
        "min": -0.0050500000000000015,
        "max": -0.005050000000000001
      },
      "frob_median": {
        "mean": 0.017223361112964967,
        "std": 0.0027039262735696515,
        "min": 0.014353433205944366,
        "max": 0.02542807565189727
      },
      "frob_mean": {
        "mean": 0.023320840259350106,
        "std": 0.00293419534590519,
        "min": 0.02031986122642923,
        "max": 0.03194597868863298
      }
    },
    {
      "regime_label": "P5N512",
      "N": 512,
      "n_seeds": 12,
      "lt_mean": {
        "mean": 0.8180999999999999,
        "std": 1.1102230246251565e-16,
        "min": 0.8181,
        "max": 0.8181
      },
      "ls_mean": {
        "mean": -0.00505,
        "std": 1.1474117277250404e-18,
        "min": -0.0050500000000000015,
        "max": -0.005050000000000001
      },
      "frob_median": {
        "mean": 0.022280964309819268,
        "std": 0.00821397113540923,
        "min": 0.015308583014426995,
        "max": 0.04340633555931285
      },
      "frob_mean": {
        "mean": 0.02745677477571054,
        "std": 0.007950646098274252,
        "min": 0.019349158609038256,
        "max": 0.046413756040872264
      }
    },
    {
      "regime_label": "P5N256",
      "N": 256,
      "n_seeds": 12,
      "lt_mean": {
        "mean": 0.8180999999999999,
        "std": 1.199177923332954e-16,
        "min": 0.8180999999999999,
        "max": 0.8181000000000002
      },
      "ls_mean": {
        "mean": -0.00505,
        "std": 9.69739903612216e-19,
        "min": -0.0050500000000000015,
        "max": -0.005050000000000001
      },
      "frob_median": {
        "mean": 0.02061312038071619,
        "std": 0.00892073602265526,
        "min": 0.014866893055874672,
        "max": 0.04698445030824319
      },
      "frob_mean": {
        "mean": 0.02734302099096114,
        "std": 0.0075851803327457576,
        "min": 0.019934049007414564,
        "max": 0.04804999097963639
      }
    }
  ],
  "summary": {
    "lambda_t_mean_at_largest_N": 0.8180999999999999,
    "lambda_t_residual_to_alpha_xi_sq": 0.008099999999999885,
    "lambda_t_within_1pc_of_alpha_xi_sq": true
  }
}
