{
  "method": "G5 canonical Lagrangian density: per-term computation of ALL SIX components (L_kin from graph Laplacian, L_pot from double-well, L_curv from spectral curvature proxy, L_ferm from discrete Wilson-Dirac at m=0.5, L_RG = ||Xi - B[Xi]||_F^2 from one block-decimation step at block_size=4, L_causal = norm-sq of causal-wave transport residual under System-R coefficients alpha_xi=9/10, gamma=1/10, eps_sync^2=1/20, beta_pi=15/16, D_Omega=67/80) on framework D1 snapshots; reports per-regime values and total action.",
  "branch_metadata": {
    "causal_wave_branch": "matter",
    "regimes_used": [
      "P5N64",
      "P5N72",
      "P5N84",
      "P5N100"
    ],
    "branch_rationale": "Emergent-GR matter-source repository default fallback",
    "schema": "worldformula/branch_metadata/v1"
  },
  "stand": "2026-05-05",
  "literature": [
    "Wilson 1974 (Confinement of quarks; lattice gauge theory)",
    "Symanzik 1983 (Continuum limit of lattice gauge theories)",
    "Haken 1983 (Synergetics, slaving principle)"
  ],
  "kappa": 1.0,
  "m_fermion": 0.5,
  "rows": [
    {
      "regime": "P5N64",
      "N": 64,
      "L_kin": 0.03930975320101768,
      "L_pot": -0.21141720165493905,
      "L_curv": -0.7568704269755386,
      "L_ferm": -8.432262923274493,
      "L_RG_block_residual": 106.10252623892767,
      "L_causal_transport_residual": 450.2032095662197,
      "L_total": 546.9444950064434
    },
    {
      "regime": "P5N72",
      "N": 72,
      "L_kin": 0.038531975509327854,
      "L_pot": -0.15181391311623038,
      "L_curv": 0.6973877962483783,
      "L_ferm": -19.310714176245348,
      "L_RG_block_residual": 116.24503223930049,
      "L_causal_transport_residual": 405.2415630307686,
      "L_total": 502.75998695246517
    },
    {
      "regime": "P5N84",
      "N": 84,
      "L_kin": 0.016128738035908564,
      "L_pot": -0.07874296320850524,
      "L_curv": 0.963432786094442,
      "L_ferm": -13.209677732518376,
      "L_RG_block_residual": 113.84981488983719,
      "L_causal_transport_residual": 351.21154881526775,
      "L_total": 452.7525045335084
    },
    {
      "regime": "P5N100",
      "N": 100,
      "L_kin": 0.02454199227670999,
      "L_pot": -0.14798805217836553,
      "L_curv": -1.6636863001806788,
      "L_ferm": -20.387257725809548,
      "L_RG_block_residual": 186.9449993421562,
      "L_causal_transport_residual": 742.4931392077704,
      "L_total": 907.2637484640347
    }
  ],
  "verdict": "L_total computed across 4 regime samples on the cleaned P5..P5N100 ladder, INCLUDING ALL SIX TERMS: L_kin in [+0.016, +0.039], L_pot in [-0.211, -0.079], L_curv in [-1.664, +0.963], L_ferm in [-20.387, -8.432], L_RG in [+106.103, +186.945] (block-decimation residual; size of relevant operators), L_causal in [+351.212, +742.493] (causal-wave transport residual under System-R coefficients), L_total in [+452.753, +907.264]. The six-term assembly is the explicit numerical realisation of the symbolic Lagrangian L = (dXi)^2 + V(Xi) + kappa R + psi-bar (i gamma d - m) psi + L_RG + L_causal quoted in the Master-blueprint, with L_RG = ||Xi - B[Xi]||^2 the Wilsonian relevant-operator cost (block-mean coarse-graining residual) and L_causal the Hermitian norm-squared of the causal-wave transport residue under (alpha_xi, gamma, eps_sync^2, beta_pi, D_Omega) System-R coefficients."
}
