{
  "method": "verify_t00_summand_branch_resolved",
  "stand": "2026-05-16",
  "question": "Does branch-separated Symanzik fitting of the four T_00 summands sharpen the S4 (K/Q recoil) bottleneck from R^2 = 0.50 to >= 0.7, and does each branch's S4 asymptote land on a distinct registered System-R rational?",
  "branch_split": {
    "vacuum_branch_max_N": 110,
    "matter_branch_min_N": 128
  },
  "pooled_s4_r_squared": 0.4974601226501293,
  "vacuum_branch": {
    "branch": "vacuum",
    "regimes_N": [
      50,
      64,
      72,
      84,
      100
    ],
    "summands": {
      "S1_half_var_xi": {
        "n_data_points": 5,
        "a_inf": 0.008545990972681475,
        "b_coefficient": 0.16313063971153063,
        "r_squared": 0.9200945940650248,
        "bootstrap_ci95": [
          0.007524917420567122,
          0.010215269858796436
        ]
      },
      "S2_var_amp": {
        "n_data_points": 5,
        "a_inf": 6.871161234168713e-06,
        "b_coefficient": 0.002290128310341791,
        "r_squared": 0.9422761615504919,
        "bootstrap_ci95": [
          -2.126786867938441e-06,
          2.553164575296459e-05
        ]
      },
      "S3_grad_psi_sq": {
        "n_data_points": 5,
        "a_inf": -0.005970351168865506,
        "b_coefficient": 0.7748890320468378,
        "r_squared": 0.9640319038109789,
        "bootstrap_ci95": [
          -0.009691062320093664,
          -0.0019408730110104268
        ]
      },
      "S4_kq_recoil": {
        "n_data_points": 5,
        "a_inf": 0.8137559067549758,
        "b_coefficient": 0.43987225010553727,
        "r_squared": 0.6196049689264814,
        "bootstrap_ci95": [
          0.807501045916259,
          0.8262949353424743
        ],
        "rational_match": {
          "best_overall": {
            "label": "13/16 = 1 - N_gen/2^d",
            "fraction": "13/16",
            "value": 0.8125,
            "residual_pct": -0.1543345792700875,
            "in_ci95": true,
            "structural_reading": "unity baseline minus generations/Clifford-dim"
          },
          "candidates_in_ci95": [
            {
              "label": "alpha_xi^2",
              "fraction": "81/100",
              "value": 0.81,
              "residual_pct": -0.4615520113338653,
              "in_ci95": true,
              "structural_reading": "pure carrier-axis squared"
            },
            {
              "label": "alpha_xi^2 * (1 + gamma^2)",
              "fraction": "8181/10000",
              "value": 0.8181,
              "residual_pct": 0.5338324685527955,
              "in_ci95": true,
              "structural_reading": "gamma^2-enhanced carrier-axis"
            },
            {
              "label": "13/16 = 1 - N_gen/2^d",
              "fraction": "13/16",
              "value": 0.8125,
              "residual_pct": -0.1543345792700875,
              "in_ci95": true,
              "structural_reading": "unity baseline minus generations/Clifford-dim"
            }
          ],
          "all_candidates_sorted_by_residual": [
            {
              "label": "13/16 = 1 - N_gen/2^d",
              "fraction": "13/16",
              "value": 0.8125,
              "residual_pct": -0.1543345792700875,
              "in_ci95": true,
              "structural_reading": "unity baseline minus generations/Clifford-dim"
            },
            {
              "label": "alpha_xi^2",
              "fraction": "81/100",
              "value": 0.81,
              "residual_pct": -0.4615520113338653,
              "in_ci95": true,
              "structural_reading": "pure carrier-axis squared"
            },
            {
              "label": "alpha_xi^2 * (1 + gamma^2)",
              "fraction": "8181/10000",
              "value": 0.8181,
              "residual_pct": 0.5338324685527955,
              "in_ci95": true,
              "structural_reading": "gamma^2-enhanced carrier-axis"
            },
            {
              "label": "alpha_xi^2 * (1 - gamma^2)",
              "fraction": "8019/10000",
              "value": 0.8019,
              "residual_pct": -1.4569364912205398,
              "in_ci95": false,
              "structural_reading": "gamma^2-shifted carrier-axis"
            },
            {
              "label": "alpha_xi^2 * (1 - 2*gamma^2)",
              "fraction": "3969/5000",
              "value": 0.7938,
              "residual_pct": -2.4523209711072003,
              "in_ci95": false,
              "structural_reading": "2*gamma^2-shifted carrier-axis"
            }
          ]
        }
      },
      "T00": {
        "n_data_points": 5,
        "a_inf": 0.8187085217506057,
        "b_coefficient": 1.4488960014059482,
        "r_squared": 0.8886567262813725,
        "bootstrap_ci95": [
          0.8099062367154075,
          0.8371902717210514
        ],
        "rational_match": {
          "best_overall": {
            "label": "alpha_xi^2 * (1 + gamma^2)",
            "fraction": "8181/10000",
            "value": 0.8181,
            "residual_pct": -0.07432703269101051,
            "in_ci95": true,
            "structural_reading": "gamma^2-enhanced carrier-axis"
          },
          "candidates_in_ci95": [
            {
              "label": "alpha_xi^2",
              "fraction": "81/100",
              "value": 0.81,
              "residual_pct": -1.0636901313772378,
              "in_ci95": true,
              "structural_reading": "pure carrier-axis squared"
            },
            {
              "label": "alpha_xi^2 * (1 + gamma^2)",
              "fraction": "8181/10000",
              "value": 0.8181,
              "residual_pct": -0.07432703269101051,
              "in_ci95": true,
              "structural_reading": "gamma^2-enhanced carrier-axis"
            },
            {
              "label": "13/16 = 1 - N_gen/2^d",
              "fraction": "13/16",
              "value": 0.8125,
              "residual_pct": -0.758331150301248,
              "in_ci95": true,
              "structural_reading": "unity baseline minus generations/Clifford-dim"
            }
          ],
          "all_candidates_sorted_by_residual": [
            {
              "label": "alpha_xi^2 * (1 + gamma^2)",
              "fraction": "8181/10000",
              "value": 0.8181,
              "residual_pct": -0.07432703269101051,
              "in_ci95": true,
              "structural_reading": "gamma^2-enhanced carrier-axis"
            },
            {
              "label": "13/16 = 1 - N_gen/2^d",
              "fraction": "13/16",
              "value": 0.8125,
              "residual_pct": -0.758331150301248,
              "in_ci95": true,
              "structural_reading": "unity baseline minus generations/Clifford-dim"
            },
            {
              "label": "alpha_xi^2",
              "fraction": "81/100",
              "value": 0.81,
              "residual_pct": -1.0636901313772378,
              "in_ci95": true,
              "structural_reading": "pure carrier-axis squared"
            },
            {
              "label": "alpha_xi^2 * (1 - gamma^2)",
              "fraction": "8019/10000",
              "value": 0.8019,
              "residual_pct": -2.0530532300634783,
              "in_ci95": false,
              "structural_reading": "gamma^2-shifted carrier-axis"
            },
            {
              "label": "alpha_xi^2 * (1 - 2*gamma^2)",
              "fraction": "3969/5000",
              "value": 0.7938,
              "residual_pct": -3.0424163287497055,
              "in_ci95": false,
              "structural_reading": "2*gamma^2-shifted carrier-axis"
            }
          ]
        }
      }
    }
  },
  "matter_branch": {
    "branch": "matter",
    "regimes_N": [
      128,
      200,
      256,
      300,
      512
    ],
    "summands": {
      "S1_half_var_xi": {
        "n_data_points": 5,
        "a_inf": 0.00881102374040262,
        "b_coefficient": -0.0073298343238493375,