{
  "title": "Matter-branch closure discrimination test",
  "n_observations": 72,
  "n_regimes": 6,
  "n_max": 2048,
  "selected_model": "symanzik_3",
  "asymptote_mean": 0.42010115172327755,
  "asymptote_std": 0.003233615666184339,
  "asymptote_ci95": [
    0.4137632650175562,
    0.4264390384289989
  ],
  "candidate_verdicts": {
    "79/200": {
      "value": 0.395,
      "z": 7.762564978198801,
      "verdict": "EXCLUDED (z=+7.76)"
    },
    "13/32": {
      "value": 0.40625,
      "z": 4.28348732600677,
      "verdict": "EXCLUDED (z=+4.28)"
    },
    "2/5": {
      "value": 0.4,
      "z": 6.216308243891228,
      "verdict": "EXCLUDED (z=+6.22)"
    },
    "11/27": {
      "value": 0.4074074074074074,
      "z": 3.925557526398543,
      "verdict": "EXCLUDED (z=+3.93)"
    },
    "9/22": {
      "value": 0.4090909090909091,
      "z": 3.4049323633320054,
      "verdict": "EXCLUDED (z=+3.40)"
    }
  },
  "overall_verdict": "NEITHER: all candidates excluded"
}