{
  "headline": "Lemma B Phase-2 Step 3a: edge-weight distribution + threshold-dependent effective degree. Tests whether an unweighted skeleton of Xi_N at some natural threshold tau gives a d_eff(tau) consistent with the observed lambda_inf = 0.3789 via Alon-Boppana.",
  "method": "Per snapshot: 5-95 quantile distribution of off-diag Xi; d_eff(tau) = mean row-count above tau for tau in {0.01, 0.05, 0.1, 0.2, 0.5}; d_significant_10pct = count of edges with >= 10% of row total. Per regime: cross-seed mean. N-scaling fit (const, Symanzik-1, linear) with AICc selection. Alon-Boppana check: lambda_AB(d_eff^inf) = 1 - 2*sqrt(d-1)/d compared to observed lambda_inf = 0.3789.",
  "per_regime": [
    {
      "regime": "P5",
      "N": 50,
      "n_seeds_loaded": 28,
      "n_seeds_valid": 28,
      "status": "OK",
      "edge_dist": {
        "min": 4.3199454428632674e-05,
        "p5": 0.00012801640301511136,
        "p25": 0.00030660309924013875,
        "p50": 0.061676608483697395,
        "p75": 0.15028560114379422,
        "p95": 0.4443140241104544,
        "max": 1.0,
        "mean": 0.10868267177077842,
        "std": 0.15293165455189658
      },
      "d_eff_thresholds": {
        "d_eff_tau_0.01": 27.725714285714293,
        "d_eff_tau_0.05": 25.63714285714286,
        "d_eff_tau_0.1": 18.139999999999997,
        "d_eff_tau_0.2": 8.8,
        "d_eff_tau_0.5": 1.7557142857142856,
        "d_significant_10pct": 1.4257142857142857
      }
    },
    {
      "regime": "P5N64",
      "N": 64,
      "n_seeds_loaded": 24,
      "n_seeds_valid": 24,
      "status": "OK",
      "edge_dist": {
        "min": 3.419880315791777e-05,
        "p5": 0.000108473235937708,
        "p25": 0.00023258242750797165,
        "p50": 0.0007522220108325166,
        "p75": 0.10883364984447486,
        "p95": 0.3757783114864115,
        "max": 1.0,
        "mean": 0.07999810009048629,
        "std": 0.1332054057405972
      },
      "d_eff_thresholds": {
        "d_eff_tau_0.01": 29.415364583333332,
        "d_eff_tau_0.05": 25.610677083333332,
        "d_eff_tau_0.1": 16.674479166666668,
        "d_eff_tau_0.2": 8.076822916666666,
        "d_eff_tau_0.5": 1.4596354166666667,
        "d_significant_10pct": 1.41796875
      }
    },
    {
      "regime": "P5N72",
      "N": 72,
      "n_seeds_loaded": 24,
      "n_seeds_valid": 24,
      "status": "OK",
      "edge_dist": {
        "min": 3.587512289121425e-05,
        "p5": 0.00010317761639717384,
        "p25": 0.00021593179192793736,
        "p50": 0.0005354691060336516,
        "p75": 0.09757717809748111,
        "p95": 0.35765759325810914,
        "max": 1.0,
        "mean": 0.07163841137138495,
        "std": 0.12754481306781404
      },
      "d_eff_thresholds": {
        "d_eff_tau_0.01": 30.079861111111114,
        "d_eff_tau_0.05": 26.57060185185185,
        "d_eff_tau_0.1": 17.21527777777778,
        "d_eff_tau_0.2": 7.796296296296295,
        "d_eff_tau_0.5": 1.465277777777778,
        "d_significant_10pct": 1.3680555555555554
      }
    },
    {
      "regime": "P5N84",
      "N": 84,
      "n_seeds_loaded": 24,
      "n_seeds_valid": 24,
      "status": "OK",
      "edge_dist": {
        "min": 3.105198331199068e-05,
        "p5": 0.00010036629735160857,
        "p25": 0.0002031545220898777,
        "p50": 0.0004329838735899338,
        "p75": 0.08209622548398325,
        "p95": 0.31857612257540274,
        "max": 1.0,
        "mean": 0.06105685457649004,
        "std": 0.11879744374594388
      },
      "d_eff_thresholds": {
        "d_eff_tau_0.01": 30.996031746031747,
        "d_eff_tau_0.05": 26.84126984126984,
        "d_eff_tau_0.1": 16.904761904761905,
        "d_eff_tau_0.2": 7.661706349206349,
        "d_eff_tau_0.5": 1.4345238095238095,
        "d_significant_10pct": 1.3556547619047619
      }
    },
    {
      "regime": "P5N100",
      "N": 100,
      "n_seeds_loaded": 24,
      "n_seeds_valid": 24,
      "status": "OK",
      "edge_dist": {
        "min": 2.718373789640541e-05,
        "p5": 9.205844754867662e-05,
        "p25": 0.00018405200542228345,
        "p50": 0.00035637113617537764,
        "p75": 0.061410267543760805,
        "p95": 0.2746653534264527,
        "max": 1.0,
        "mean": 0.04992406381780507,
        "std": 0.10812627277939997
      },
      "d_eff_thresholds": {
        "d_eff_tau_0.01": 31.775833333333335,
        "d_eff_tau_0.05": 26.76,
        "d_eff_tau_0.1": 15.987499999999999,
        "d_eff_tau_0.2": 7.4225,
        "d_eff_tau_0.5": 1.3075,
        "d_significant_10pct": 1.3429166666666668
      }
    },
    {
      "regime": "P5N128",
      "N": 128,
      "n_seeds_loaded": 12,
      "n_seeds_valid": 12,
      "status": "OK",
      "edge_dist": {
        "min": 4.61059153485211e-06,
        "p5": 1.8156270696936072e-05,
        "p25": 3.888889900306768e-05,
        "p50": 7.639228122661842e-05,
        "p75": 0.01578524377868336,
        "p95": 0.16798302131756318,
        "max": 1.0,
        "mean": 0.029442925777020266,
        "std": 0.08067383804289982
      },
      "d_eff_thresholds": {
        "d_eff_tau_0.01": 32.486979166666664,
        "d_eff_tau_0.05": 20.766927083333332,
        "d_eff_tau_0.1": 10.829427083333334,
        "d_eff_tau_0.2": 5.319010416666667,
        "d_eff_tau_0.5": 0.7526041666666666,
        "d_significant_10pct": 1.8802083333333333
      }
    },
    {
      "regime": "P5N200",
      "N": 200,
      "n_seeds_loaded": 8,
      "n_seeds_valid": 8,
      "status": "OK",
      "edge_dist": {
        "min": 2.3798115422227275e-05,
        "p5": 9.240662591965902e-05,
        "p25": 0.00017076895607073608,
        "p50": 0.00028519540718280627,
        "p75": 0.0006269255649649643,
        "p95": 0.13857686725217588,
        "max": 1.0,
        "mean": 0.02409541301787816,
        "std": 0.07598227915810964
      },
      "d_eff_thresholds": {
        "d_eff_tau_0.01": 33.8525,
        "d_eff_tau_0.05": 27.595,
        "d_eff_tau_0.1": 15.087499999999999,
        "d_eff_tau_0.2": 6.6850000000000005,
        "d_eff_tau_0.5": 1.06,
        "d_significant_10pct": 1.2037499999999999
      }
    },
    {
      "regime": "P5N256",
      "N": 256,
      "n_seeds_loaded": 12,
      "n_seeds_valid": 12,
      "status": "OK",
      "edge_dist": {
        "min": 2.0262525559931624e-05,
        "p5": 8.051903699450747e-05,
        "p25": 0.00014771114270019508,
        "p50": 0.00024294210040300924,
        "p75": 0.0004846174088602822,
        "p95": 0.10147652986277815,
        "max": 1.0,
        "mean": 0.017300785640329594,
        "std": 0.06302377030231039
      },
      "d_eff_thresholds": {
        "d_eff_tau_0.01": 34.300130208333336,
        "d_eff_tau_0.05": 25.701822916666668,
        "d_eff_tau_0.1": 13.075520833333334,
        "d_eff_tau_0.2": 6.095703125,
        "d_eff_tau_0.5": 0.8470052083333334,
        "d_significant_10pct": 1.3245442708333333
      }
    },
    {
      "regime": "P5N300",
      "N": 300,
      "n_seeds_loaded": 12,
      "n_seeds_valid": 12,
      "status": "OK",
      "edge_dist": {
        "min": 1.918551245206022e-05,
        "p5": 8.664375394420444e-05,
        "p25": 0.00015840308275662314,
        "p50": 0.0002561653750516541,
        "p75": 0.0004825298330122274,
        "p95": 0.09733811351893377,
        "max": 1.0,
        "mean": 0.015789368739760244,
        "std": 0.06132738389294467
      },
      "d_eff_thresholds": {
        "d_eff_tau_0.01": 34.56166666666667,
        "d_eff_tau_0.05": 27.453888888888887,
        "d_eff_tau_0.1": 14.483333333333333,
        "d_eff_tau_0.2": 6.452777777777778,
        "d_eff_tau_0.5": 1.0055555555555553,
        "d_significant_10pct": 1.198611111111111
      }
    },
    {
      "regime": "P5N512",
      "N": 512,
      "n_seeds_loaded": 12,
      "n_seeds_valid": 12,
      "status": "OK",
      "edge_dist": {
        "min": 1.527702457137017e-05,
        "p5": 7.403765863890826e-05,
        "p25": 0.00013438936598968412,
        "p50": 0.0002144003375287393,