{
  "method": "verify_xi_eom_chirality_flip_bounce",
  "branch_metadata": {
    "causal_wave_branch": "running",
    "regimes_used": [
      "P5N64",
      "P5N72",
      "P5N84",
      "P5N100",
      "P5N200",
      "P5N300",
      "P5N512"
    ],
    "branch_rationale": "Causal-wave / chirality-running carrier; spans the chirality flip",
    "schema": "worldformula/branch_metadata/v1"
  },
  "schema_version": "1.0.0",
  "framework_constants": {
    "N_star": 50,
    "N_gen": 3,
    "d": 4,
    "N_flip": 173.20508075688772
  },
  "rows": [
    {
      "regime": "P5N64",
      "N": 64,
      "n_seeds": 24,
      "n_snapshots": 17,
      "theta_chir": 0.39306760059488816,
      "theta_chir_deg": 22.521114577421017,
      "phase": "PRE",
      "xi_lattice_mean_final_per_seed": [
        0.08062071070477583,
        0.0674914263411749,
        0.0846963160859214,
        0.10016579668593284,
        0.09144315029403452,
        0.05996940453687474,
        0.09147557157642558,
        0.06656748535113532,
        0.06578377716385031,
        0.05284280348271177,
        0.05760876995668903,
        0.07826211525900012,
        0.08807953467797314,
        0.09481233853726323,
        0.09421420447417864,
        0.054510365829350184,
        0.0915511496508806,
        0.09297718408056035,
        0.08478283722014833,
        0.10684063987674929,
        0.07723530381130239,
        0.07023696176127504,
        0.06881032613926193,
        0.06897694114026909
      ],
      "xi_lattice_mean_final_avg": 0.07874812977657243,
      "xi_lattice_mean_final_sem": 0.0031182909906130843,
      "dxi_dt_mean_per_seed": [
        7.163289344181128e-05,
        6.952278553018412e-05,
        7.22761256328041e-05,
        9.424771250697572e-05,
        6.984128509745884e-05,
        5.693437810167564e-05,
        6.713480130568147e-05,
        6.443204722594333e-05,
        5.6457849622648486e-05,
        4.787028636692647e-05,
        6.237673487300343e-05,
        6.548637171133534e-05,
        7.505678210042999e-05,
        7.832744561180223e-05,
        7.590950123179292e-05,
        5.667584447020292e-05,
        7.958626613109067e-05,
        8.260974777273347e-05,
        6.0769145235090895e-05,
        8.081143019610017e-05,
        6.347396612793165e-05,
        6.481046323571823e-05,
        6.442786569892025e-05,
        6.451327686964915e-05
      ],
      "dxi_dt_avg": 6.854937525407961e-05,
      "dxi_dt_sem": 2.0843251159501057e-06
    },
    {
      "regime": "P5N72",
      "N": 72,
      "n_seeds": 24,
      "n_snapshots": 17,
      "theta_chir": 0.4312694472722985,
      "theta_chir_deg": 24.709919161642496,
      "phase": "PRE",
      "xi_lattice_mean_final_per_seed": [
        0.06400248864297878,
        0.07609334616231408,
        0.07073605073299082,
        0.08951527121036476,
        0.07283829295339878,
        0.08322634271857303,
        0.07158018974963175,
        0.04882756727362271,
        0.07581571460357858,
        0.07143214458878008,
        0.0708092415587765,
        0.07657094314537422,
        0.06516689106219778,
        0.04998083404712509,
        0.07757343300887459,
        0.07384739648155315,
        0.07301684811443264,
        0.07546103832156087,
        0.05459144891765871,
        0.0567411843435248,
        0.06794850970497049,
        0.07305592310016991,
        0.07441193182584763,
        0.08219937018781102
      ],
      "xi_lattice_mean_final_avg": 0.07064343343567128,
      "xi_lattice_mean_final_sem": 0.0020360356072283395,
      "dxi_dt_mean_per_seed": [
        5.888530623071944e-05,
        6.596201729669546e-05,
        5.978798318355145e-05,
        6.101147589989385e-05,
        6.07082791036365e-05,
        7.19427869996887e-05,
        7.867524441664865e-05,
        5.338978948602434e-05,
        6.855260164697567e-05,
        6.447218077657284e-05,
        6.481930120314384e-05,
        7.243024938959671e-05,
        6.176211401961139e-05,
        4.789013132141086e-05,
        6.17637403951361e-05,
        6.322835936504404e-05,
        5.6336379145306877e-05,
        6.743372113852519e-05,
        5.74859907937794e-05,
        5.275237729811819e-05,
        6.082487987209371e-05,
        6.418046190671736e-05,
        4.949931006381202e-05,
        6.0551163258824696e-05
      ],
      "dxi_dt_avg": 6.184774350881363e-05,
      "dxi_dt_sem": 1.463279218802974e-06
    },
    {
      "regime": "P5N84",
      "N": 84,
      "n_seeds": 24,
      "n_snapshots": 17,
      "theta_chir": 0.48529184243840856,
      "theta_chir_deg": 27.805174403848543,
      "phase": "PRE",
      "xi_lattice_mean_final_per_seed": [
        0.042653739353569115,
        0.05793549136883598,
        0.05505719568585947,
        0.062174371798779104,
        0.06333843719878926,
        0.05299014398658231,
        0.07519292588848453,
        0.07179350496782196,
        0.06860835889042868,
        0.055460924772996065,
        0.060190169352041675,
        0.049158775498967223,
        0.06664740717458785,
        0.05612067907927163,
        0.050826697702178514,
        0.06917591916811802,
        0.07247108135490163,
        0.07179658054758774,
        0.0418781916385155,
        0.06570901972229494,
        0.0628829842518191,
        0.06226892006442073,
        0.04893286180936293,
        0.06465531296626409
      ],
      "xi_lattice_mean_final_avg": 0.060329987260103246,
      "xi_lattice_mean_final_sem": 0.0019106150627045432,
      "dxi_dt_mean_per_seed": [
        4.305263629120074e-05,
        5.0723964059624146e-05,
        4.7771102624423554e-05,
        5.114134010082618e-05,
        5.725807926574948e-05,
        4.965255971468331e-05,
        5.67722432327231e-05,
        6.814853389308911e-05,
        5.770791901652493e-05,
        5.367095419953104e-05,
        4.6230862832870225e-05,
        4.87197300197105e-05,
        5.3919049645402735e-05,
        5.057884395312127e-05,
        4.607700625147183e-05,
        7.071972727577466e-05,
        6.113665502054631e-05,
        6.727499287404771e-05,
        4.193366360653742e-05,
        6.175084913346597e-05,
        5.927831597779933e-05,
        5.32089942281524e-05,
        4.884539347081371e-05,
        5.5996092049673436e-05
      ],
      "dxi_dt_avg": 5.423206286407346e-05,
      "dxi_dt_sem": 1.5705851375130066e-06
    },
    {
      "regime": "P5N100",
      "N": 100,
      "n_seeds": 24,
      "n_snapshots": 17,
      "theta_chir": 0.5515638519112128,
      "theta_chir_deg": 31.60228084649124,
      "phase": "PRE",
      "xi_lattice_mean_final_per_seed": [
        0.053966238047176,
        0.04225666366152447,
        0.04090878163997079,
        0.05694014174771417,
        0.03854935060202005,
        0.04671271353449216,
        0.06025856595442367,
        0.03640723862444968,
        0.042898707110975653,
        0.05249248889013925,
        0.0605325630490136,
        0.057013087109645866,
        0.049560770102825974,
        0.0628522882846127,
        0.04602974615168457,
        0.035945174740073686,
        0.05348587761561612,
        0.06753292101228084,
        0.04536177348505228,
        0.04549099294267234,
        0.05455970190564539,
        0.0483959171254871,
        0.04600512078722337,
        0.042038932186328835
      ],
      "xi_lattice_mean_final_avg": 0.04942482317962702,
      "xi_lattice_mean_final_sem": 0.001749754733939779,