{
  "method": "verify_lemma_B_carrier_spectral_synthesis",
  "schema_version": "1.0",
  "stand": "2026-05-13",
  "d": 4,
  "N_gen": 3,
  "tau_skeleton": 0.1,
  "rows": [
    {
      "regime": "P5",
      "N": 50,
      "n_seeds": 28,
      "lambda_top": [
        0.5442618697424056,
        0.6011522681566801,
        0.6490894309434238,
        0.6853439090545831,
        0.723982548404816,
        0.7551376296843433,
        0.7874164297716055,
        0.8105780564319114
      ],
      "lambda_top_sem": [
        0.011098994459984385,
        0.010423021511705865,
        0.010130014132528821,
        0.009108950433285903,
        0.007900522740403818,
        0.007408252033342854,
        0.007011330515655452,
        0.006700614066088262
      ]
    },
    {
      "regime": "P5N64",
      "N": 64,
      "n_seeds": 24,
      "lambda_top": [
        0.48591149107615533,
        0.53607243076711,
        0.5696055394904828,
        0.5998163827825188,
        0.631468754189491,
        0.6665002715591141,
        0.6935598804044214,
        0.7174959751265528
      ],
      "lambda_top_sem": [
        0.015263092465790827,
        0.014064928355672112,
        0.013983308042493096,
        0.01375074559305921,
        0.013416509332483945,
        0.01338772368354333,
        0.01345739975262295,
        0.012969442949240892
      ]
    },
    {
      "regime": "P5N72",
      "N": 72,
      "n_seeds": 24,
      "lambda_top": [
        0.4777479447779907,
        0.5235826283359404,
        0.5573918399995311,
        0.5900016017066877,
        0.6206414354517151,
        0.6497731250142332,
        0.6747587357645505,
        0.6991185592172098
      ],
      "lambda_top_sem": [
        0.011571287809941006,
        0.01006014544525819,
        0.009841583225269797,
        0.010095169773812075,
        0.010398930004094864,
        0.010030771747115752,
        0.009438770069212296,
        0.010292602432207911
      ]
    },
    {
      "regime": "P5N84",
      "N": 84,
      "n_seeds": 24,
      "lambda_top": [
        0.4520319805192987,
        0.4981848543224152,
        0.5334575809538642,
        0.5561749373007836,
        0.5800598318758623,
        0.6093583362920238,
        0.6353235223843855,
        0.6566162955053074
      ],
      "lambda_top_sem": [
        0.011473835905499104,
        0.010665063169369726,
        0.010615224629798928,
        0.011261477338387029,
        0.010741256850365697,
        0.01093531658943694,
        0.010605780508677554,
        0.011469494886166068
      ]
    },
    {
      "regime": "P5N100",
      "N": 100,
      "n_seeds": 24,
      "lambda_top": [
        0.42457428463500135,
        0.45738058657348185,
        0.48633276196288305,
        0.5170829057046273,
        0.542241916981908,
        0.5676760992245973,
        0.5845501926536888,
        0.6063283210739508
      ],
      "lambda_top_sem": [
        0.011573672550290957,
        0.012314629001550371,
        0.01192021360059158,
        0.011276500283422876,
        0.011272776106624598,
        0.010638135431267723,
        0.010525290538059588,
        0.011323090834148753
      ]
    },
    {
      "regime": "P5N128",
      "N": 128,
      "n_seeds": 12,
      "lambda_top": [
        0.32668892801887145,
        0.36305052246189057,
        0.38677475992471727,
        0.40849081445402763,
        0.4302657237599732,
        0.4492550623395324,
        0.4664601500310126,
        0.4800301829240412
      ],
      "lambda_top_sem": [
        0.008736164694583264,
        0.010444927353654114,
        0.009767451129547373,
        0.010625698082556131,
        0.011638699109583378,
        0.010440099387037516,
        0.01013879392346419,
        0.010551567868333066
      ]
    },
    {
      "regime": "P5N200",
      "N": 200,
      "n_seeds": 8,
      "lambda_top": [
        0.378877630240057,
        0.3991028856680433,
        0.41648794967220404,
        0.43413026500367724,
        0.4476445981408224,
        0.4623778422048324,
        0.47565890100855857,
        0.486659374392909
      ],
      "lambda_top_sem": [
        0.012365728232270841,
        0.011738165278592325,
        0.011788220382447517,
        0.011955600793169298,
        0.011534961670046811,
        0.01222239614564994,
        0.010567076278972468,
        0.010046676476433525
      ]
    },
    {
      "regime": "P5N256",
      "N": 256,
      "n_seeds": 12,
      "lambda_top": [
        0.33805250027851286,
        0.35986720989815874,
        0.37549126914900044,
        0.3865239773943688,
        0.3992011306177787,
        0.41160863644341533,
        0.4210899315054324,
        0.43000842407341383
      ],
      "lambda_top_sem": [
        0.00975352318077071,
        0.009505742429627454,
        0.010574472516151439,
        0.011181941739310313,
        0.010440022488399975,
        0.011179414675886234,
        0.011537525139924025,
        0.01160246805641468
      ]
    },
    {
      "regime": "P5N300",
      "N": 300,
      "n_seeds": 12,
      "lambda_top": [
        0.35150320938275886,
        0.3694224871869985,
        0.38378701177540075,
        0.39515043713923587,
        0.40774282125870903,
        0.41734281763083275,
        0.4284388247874109,
        0.43817320539155485
      ],
      "lambda_top_sem": [
        0.009325828185683711,
        0.009143772067342832,
        0.009595440661602122,
        0.00913402435873022,
        0.009839694886269203,
        0.00973991255333027,
        0.009865567306572313,
        0.009706948840676974
      ]
    },
    {
      "regime": "P5N512",
      "N": 512,
      "n_seeds": 12,
      "lambda_top": [
        0.3152215818223498,
        0.32425670206711993,
        0.3350679419118921,
        0.34474291233846993,
        0.3505158541185449,
        0.3576970090576199,
        0.365048824199334,
        0.36919363476608774
      ],
      "lambda_top_sem": [
        0.010991007102158295,
        0.01111222317797283,
        0.011552665805148465,
        0.01173997699415209,
        0.011661908250522454,
        0.011863034365832184,
        0.012677197808636022,
        0.013106660462642502
      ]
    }
  ],
  "asymptotes": [
    {
      "idx": 2,
      "a_inf": 0.2923762684921251,
      "b": 12.535435235878532,
      "r2": 0.9065512256282773
    },
    {
      "idx": 3,
      "a_inf": 0.30193607733164896,
      "b": 15.12153121614419,
      "r2": 0.9425200681259613
    },
    {
      "idx": 4,
      "a_inf": 0.31004761033959466,
      "b": 17.051425591638132,
      "r2": 0.9531238666536087
    },
    {
      "idx": 5,
      "a_inf": 0.3181405539424613,
      "b": 18.582540045735815,
      "r2": 0.9601578288558485
    },
    {
      "idx": 6,
      "a_inf": 0.3238672064141716,
      "b": 20.284888339733918,
      "r2": 0.9674412374885895
    },
    {
      "idx": 7,
      "a_inf": 0.3305156145703358,
      "b": 21.852776183996315,
      "r2": 0.9697695745639547
    },
    {
      "idx": 8,
      "a_inf": 0.3360621566172501,
      "b": 23.245494744400236,
      "r2": 0.9724893694617495
    },
    {
      "idx": 9,
      "a_inf": 0.34150171479504166,
      "b": 24.396175690565247,
      "r2": 0.9710946662833335
    }
  ],
  "match_table": [
    {
      "name": "mean(1/d, 1/N_gen)",
      "value": 0.29166666666666663,
      "rel_err_pct": 0.2432920544429087
    },
    {
      "name": "min(1/d, 1/N_gen)",
      "value": 0.25,
      "rel_err_pct": 16.950507396850046
    },
    {
      "name": "max(1/d, 1/N_gen)",
      "value": 0.3333333333333333,
      "rel_err_pct": 12.287119452362461
    },
    {
      "name": "harmonic(1/d, 1/N_gen)",
      "value": 0.2857142857142857,
      "rel_err_pct": 2.3316939722437953
    },
    {
      "name": "(1/d) * (1/N_gen)",
      "value": 0.08333333333333333,
      "rel_err_pct": 250.85152219055016
    },
    {
      "name": "(d+N_gen)/(2*d*N_gen)",
      "value": 0.2916666666666667,